equipment_age_days,temperature_C,vibration_mm_s,pressure_bar,rpm,oil_level_pct,failure
3175,87.05,1.143,90.84,2879.9,65.72,1
3508,74.21,1.363,90.97,2780.6,68.17,1
861,53.08,0.708,92.27,2961.4,93.41,0
1295,62.08,0.776,96.59,2917.6,84.47,0
1131,64.75,0.872,90.65,2937.5,89.12,0
1096,56.67,0.632,96.19,3025.5,91.49,0
3093,75.12,1.321,92.69,2854.3,68.99,1
1639,67.26,0.8,98.22,2936.7,82.63,0
2170,71.48,0.812,94.49,2853.2,82.78,0
467,63.48,0.659,100.63,3008.0,91.52,0
1239,61.37,0.71,95.39,2967.2,92.88,0
331,57.39,0.769,97.48,3007.8,96.81,0
1483,67.64,0.753,103.63,2865.4,87.75,0
2136,67.53,0.959,96.07,2863.9,76.24,0
3445,81.76,1.046,86.15,2899.4,64.1,1
3172,76.04,1.216,85.28,2807.0,66.12,1
2920,83.93,1.006,89.84,2932.5,70.6,1
131,64.76,0.596,103.18,2966.1,99.31,0
1686,73.95,0.794,95.09,2923.1,85.27,0
3381,77.57,0.972,83.18,2821.6,62.77,1
770,64.64,0.667,97.16,2919.3,92.61,0
2392,80.62,0.987,92.82,2838.9,77.87,0
1516,65.69,0.891,88.2,2889.0,87.0,0
3486,80.16,1.353,89.61,2833.1,64.26,1
2854,72.94,1.262,88.4,2901.8,70.6,1
2434,70.83,1.073,87.19,2882.5,75.48,1
1216,60.24,0.771,101.17,2937.5,88.21,0
956,61.07,0.548,93.96,3012.7,93.05,0
2325,66.98,0.985,91.02,2885.8,74.33,0
1185,68.9,0.758,94.4,2913.6,86.58,0
460,67.5,0.572,98.63,2927.1,92.74,0
3386,76.46,1.24,95.14,2894.2,67.0,1
22,61.26,0.617,96.35,2982.4,100.0,0
2301,70.74,0.878,92.18,2856.0,74.15,0
748,59.69,0.566,98.12,2929.3,92.7,0
2905,78.84,1.067,88.68,2915.5,73.01,1
3633,81.43,1.165,88.13,2789.7,65.24,1
475,52.91,0.431,100.36,3025.8,96.8,0
1083,64.0,0.617,94.48,2934.3,86.79,0
2559,68.38,0.889,91.31,2811.6,75.95,0
2048,68.29,1.03,92.56,2881.0,79.15,1
3548,74.39,1.38,89.04,2821.0,66.66,1
2748,73.51,0.94,92.49,2856.8,73.42,0
976,63.23,0.75,98.83,2944.2,88.61,0
1807,67.28,0.949,100.39,2893.6,82.49,0
190,66.49,0.389,91.45,2951.2,99.74,0
3006,77.82,1.117,90.48,2850.2,68.93,1
2735,70.16,1.3,87.7,2890.3,72.91,1
3006,72.25,1.169,89.83,2776.6,67.27,1
563,65.27,0.588,100.95,3036.8,95.47,0
1900,71.95,0.824,97.89,2720.2,80.89,0
3639,75.18,1.026,92.82,2821.8,65.44,1
1268,65.17,0.801,99.9,2959.9,88.36,0
2880,83.63,1.271,90.84,2825.8,70.39,1
1529,64.71,0.724,99.61,2817.3,83.02,0
3203,85.57,0.947,95.18,2835.0,65.82,1
3557,83.3,1.145,89.75,2830.6,63.42,1
647,71.86,0.718,101.59,2910.2,95.3,0
2069,67.2,0.871,93.92,2855.0,75.8,0
2889,73.6,0.996,95.56,2903.7,69.04,1
2215,68.83,0.945,92.87,2895.1,79.57,0
1298,72.12,0.783,94.28,2859.7,89.68,0
2436,69.34,0.848,89.33,2900.7,73.67,0
601,66.66,0.598,97.68,2923.4,91.9,0
2364,75.21,0.923,93.16,2843.1,79.17,0
2062,70.07,0.848,90.98,2906.8,79.13,0
242,67.7,0.447,98.52,2993.1,95.79,0
2042,70.75,1.003,92.29,2877.8,81.67,1
2825,78.3,1.001,88.29,2833.5,72.76,1
3418,74.62,0.984,92.85,2816.6,67.29,1
2613,69.45,1.049,95.8,2830.3,72.19,1
2946,78.39,1.162,94.26,2907.2,71.29,1
1364,68.97,0.693,95.66,2853.3,88.85,0
2140,71.92,0.872,93.51,2881.0,79.88,0
1391,65.24,0.713,92.64,2857.5,87.93,0
3004,82.77,1.066,92.23,2896.6,72.77,1
1479,61.81,0.906,96.07,2913.9,86.07,0
3500,71.64,1.189,98.03,2772.2,63.87,1
2557,77.5,1.095,95.59,2906.4,76.18,1
776,68.18,0.558,98.62,2846.6,90.03,0
35,61.94,0.469,99.77,3012.3,99.21,0
2254,69.83,1.046,96.24,2944.9,78.64,1
3153,78.28,1.05,87.79,2851.3,62.04,1
1956,78.38,0.992,97.55,2876.9,80.94,0
1586,80.51,0.754,91.98,2858.6,84.74,0
3460,69.02,1.16,87.94,2881.1,63.13,1
3074,73.28,1.282,85.26,2892.7,69.91,1
1022,62.7,0.661,98.78,2916.6,90.16,0
3462,85.44,1.207,90.36,2796.0,65.45,1
2614,60.66,1.084,90.47,2928.6,76.24,1
1130,68.22,0.749,93.82,2970.1,90.46,0
1501,66.22,0.826,99.63,2835.6,86.27,0
703,71.71,0.635,97.49,2955.1,90.92,0
2450,79.76,0.86,90.35,2865.9,75.47,0
2778,75.72,1.09,97.43,2873.5,74.59,1
1580,60.0,0.743,93.29,2921.3,83.77,0
162,57.94,0.61,102.93,2966.3,100.0,0
202,58.69,0.678,95.94,2998.8,99.32,0
1982,63.28,0.716,92.99,2878.5,83.6,0
996,70.75,0.837,98.52,3120.9,87.91,0
2318,64.32,0.922,92.87,2890.2,76.51,0
816,73.91,0.65,98.28,2958.5,91.72,0
3343,86.53,1.077,88.35,2925.0,67.78,1
456,60.35,0.61,93.84,2909.0,93.96,0
3534,79.31,1.213,93.79,2817.8,61.44,1
1276,66.02,0.863,94.74,2888.7,88.0,0
1017,69.59,0.629,97.82,2980.9,89.1,0
2344,78.09,1.135,95.07,2858.1,75.62,1
2768,75.13,1.12,92.62,2890.6,70.93,1
338,64.04,0.577,96.86,3008.5,96.87,0
879,61.29,0.658,100.84,2995.1,89.06,0
1077,67.57,0.685,98.31,2972.4,88.84,0
792,64.77,0.634,98.22,2949.2,90.42,0
2265,66.77,0.97,93.73,2816.9,76.13,0
764,63.75,0.632,102.75,3012.3,93.07,0
2236,69.26,0.883,91.1,2958.7,78.94,0
380,58.85,0.593,100.11,2934.1,95.59,0
493,56.73,0.515,96.94,3012.1,97.01,0
3113,75.88,1.155,84.85,2785.8,66.92,1
1181,62.0,0.714,90.57,2951.1,85.15,0
2063,67.96,0.982,90.77,2917.3,76.7,0
65,65.7,0.612,97.83,2975.4,97.2,0
2569,76.01,1.113,98.81,2876.3,71.68,1
1368,61.95,0.805,97.99,2974.0,90.36,0
1153,67.52,0.774,98.91,2936.9,85.37,0
2028,70.8,0.873,92.0,2864.8,81.59,0
2696,81.99,1.107,92.1,2804.0,72.99,1
1496,74.4,0.878,102.43,2905.7,85.49,0
3135,68.01,0.97,86.95,2784.5,66.84,1
1163,70.12,0.77,97.88,2923.0,89.02,0
1523,73.94,0.941,100.26,2900.6,82.94,0
2641,76.0,0.993,94.97,2908.2,75.44,0
392,60.28,0.521,104.23,2984.1,98.09,0
1699,80.56,0.798,95.54,3042.4,82.74,0
419,65.35,0.433,100.55,2878.4,95.67,0
2337,81.57,0.98,93.32,2898.8,77.5,0
379,68.65,0.579,100.46,2958.5,96.97,0
1797,71.31,0.879,91.86,2862.3,84.08,0
3562,74.91,1.254,91.69,2820.4,66.37,1
2279,71.27,0.876,94.05,2880.8,77.15,0
3066,74.22,1.141,90.99,2900.6,68.39,1
2089,64.37,0.962,98.97,2900.1,80.73,0
3100,78.75,1.071,89.9,2810.4,68.69,1
2183,78.75,0.979,97.07,2907.6,78.4,0
201,59.51,0.548,103.32,2978.5,99.05,0
1864,80.14,0.81,96.97,2850.5,83.31,0
780,56.11,0.684,94.76,2948.6,92.72,0
2978,80.16,1.067,92.14,2862.6,69.05,1
3105,83.88,1.191,96.56,2848.4,72.54,1
3120,74.58,1.1,85.18,2860.5,71.86,1
503,61.58,0.472,97.93,2948.5,92.93,0
2455,77.49,1.018,96.12,2893.1,73.63,1
3646,80.76,1.252,88.72,2823.7,61.97,1
1752,58.77,0.742,97.17,2918.8,84.18,0
805,59.81,0.736,101.81,2961.4,95.62,0
2147,70.67,0.999,94.26,3001.5,77.52,0
2732,66.81,0.959,93.33,2918.9,73.02,0
1896,67.11,0.813,94.59,2920.0,79.53,0
2774,67.15,1.041,92.57,2821.3,75.66,1
1571,66.0,0.738,101.59,2906.8,85.94,0
961,63.12,0.756,96.93,3032.7,88.74,0
2661,75.06,1.047,90.96,2838.8,69.19,1
1486,66.97,0.688,98.67,2917.4,87.22,0
2691,75.97,0.956,89.4,2854.4,71.95,0
1029,67.06,0.825,95.07,2966.9,91.4,0
3290,81.61,1.312,88.3,2813.7,67.69,1
503,66.88,0.654,97.72,2983.7,91.3,0
2815,77.92,1.042,90.92,2838.5,70.24,1
398,77.51,0.536,100.9,3045.8,95.31,0
871,66.09,0.729,96.36,2922.1,89.94,0
2843,87.18,1.076,93.69,2906.7,71.8,1
393,64.03,0.418,101.41,2951.1,96.87,0
207,60.62,0.645,97.42,2947.0,100.0,0
1039,63.33,0.842,99.41,2913.0,90.55,0
1882,76.96,0.95,97.15,2820.3,84.16,0
3626,86.33,1.116,83.84,2840.6,62.79,1
2940,77.7,1.024,92.06,2794.8,72.93,1
1485,73.09,0.611,94.03,2907.9,84.39,0
3647,71.85,1.389,92.97,2855.7,61.7,1
864,56.58,0.637,95.86,2993.3,89.44,0
2791,80.19,1.292,87.61,2788.9,66.81,1
3313,75.93,1.358,89.97,2849.9,68.58,1
564,66.57,0.522,95.62,3028.8,91.78,0
1021,61.52,0.633,99.49,2917.1,92.61,0
96,68.76,0.566,97.29,3020.9,98.69,0
1924,61.92,0.709,94.18,2846.6,77.65,0
1758,61.86,0.808,99.36,2931.4,80.18,0
2533,79.89,0.953,95.7,2879.9,75.05,0
3479,64.35,1.381,91.0,2859.1,61.45,1
2279,73.29,0.972,92.78,2916.0,78.39,0
2797,73.45,1.031,92.76,2792.5,69.0,1
1679,64.72,0.773,97.03,2922.9,81.73,0
3243,75.22,1.238,87.31,2910.5,67.97,1
541,58.47,0.559,100.93,2863.7,95.53,0
1060,73.01,0.707,93.51,2995.3,91.0,0
2573,81.89,0.951,94.0,2951.4,71.66,0
1184,62.49,0.585,93.13,2866.6,87.54,0
1723,69.99,0.745,100.72,2880.3,84.96,0
3315,69.95,1.113,92.35,2860.1,66.23,1
3158,81.16,1.105,85.86,2797.8,69.01,1
1820,74.34,0.842,94.54,2977.2,82.12,0
2626,71.65,1.016,90.56,2921.6,76.34,1
2730,73.73,0.997,89.89,2794.3,71.77,0
2605,72.56,1.156,92.63,2832.6,71.17,1
1598,59.9,0.914,92.42,2958.6,82.08,0
3061,83.04,1.099,93.1,2883.5,69.77,1
2694,69.64,1.064,94.03,2976.2,69.92,1
796,60.18,0.622,98.67,2916.2,90.95,0
1052,64.51,0.426,96.79,3020.4,89.63,0
1644,73.2,0.831,97.05,2872.1,82.03,0
3628,75.18,1.256,91.49,2843.6,64.37,1
1364,57.06,0.612,97.27,2976.4,87.81,0
1982,65.48,0.946,90.12,2751.2,81.09,0
1355,68.9,0.743,93.57,2977.8,83.35,0
1664,79.27,0.867,94.2,2986.0,83.52,0
1530,61.35,0.781,90.98,2978.3,85.01,0
2039,63.71,1.033,94.56,3000.7,78.85,1
3420,69.54,1.207,93.97,2877.3,66.43,1
1497,59.3,0.9,99.26,2898.3,85.58,0
3303,82.54,1.269,92.31,2896.8,66.79,1
2238,78.66,0.836,95.47,2858.4,75.61,0
3297,77.37,1.085,96.75,2839.3,66.98,1
1409,64.71,0.827,98.3,2971.1,89.64,0
1401,75.96,0.744,98.57,2952.4,85.21,0
1307,67.4,0.738,91.76,3002.2,89.02,0
2681,78.85,1.165,95.96,2990.4,73.27,1
2676,70.8,1.004,93.17,2809.3,71.64,1
973,65.09,0.598,96.84,2934.9,89.68,0
1769,62.66,0.77,93.71,2927.4,82.28,0
1283,69.56,0.975,94.51,2912.7,88.48,0
3431,78.11,1.168,93.48,2824.7,70.45,1
710,59.08,0.506,97.78,3003.3,93.01,0
1480,62.99,0.619,94.02,2958.1,82.74,0
1435,75.25,0.725,93.38,2940.6,82.34,0
649,73.1,0.61,98.56,2974.9,92.67,0
318,60.52,0.659,97.97,2972.9,94.56,0
3297,76.82,1.245,88.35,2905.4,68.15,1
1258,68.29,0.751,92.08,3020.3,88.55,0
684,64.16,0.591,100.83,3016.7,92.87,0
664,54.95,0.667,97.59,2909.3,94.67,0
1999,72.13,0.725,90.75,2886.9,80.14,0
3446,66.79,1.387,88.85,2837.7,69.28,1
1632,64.5,0.892,96.75,2871.4,84.93,0
1496,70.01,0.886,95.6,2929.2,86.83,0
3305,79.52,1.054,90.66,2835.9,64.05,1
1137,61.63,0.856,96.72,2997.4,86.29,0
1854,66.98,0.825,90.61,2882.4,82.42,0
1521,64.64,0.709,98.28,2982.1,81.69,0
2490,71.94,0.994,87.41,2827.6,73.85,0
564,62.69,0.607,99.69,2930.9,96.72,0
1292,69.8,0.651,97.97,2916.4,85.79,0
3582,75.33,1.127,88.59,2823.3,61.76,1
3458,79.16,1.094,90.69,2706.3,66.76,1
3459,79.83,1.095,88.79,2850.0,69.56,1
3185,76.92,1.098,91.54,2926.2,66.53,1
1637,66.89,0.689,98.07,2950.7,86.08,0
3000,75.9,1.031,88.62,2839.5,68.13,1
3153,79.52,1.235,92.56,2788.1,68.25,1
699,67.69,0.722,102.98,2874.4,92.87,0
2161,79.88,0.827,94.31,2809.8,76.83,0
2,55.06,0.596,98.48,2993.4,100.0,0
642,61.01,0.432,104.86,3073.2,90.5,0
2268,63.27,1.197,93.46,2750.7,77.71,1
1590,72.61,0.948,95.92,2955.5,86.25,0
855,62.6,0.615,98.19,2923.4,93.03,0
1760,69.83,0.89,96.06,2895.2,83.38,0
3297,73.46,1.019,89.09,2788.3,70.2,1
2433,70.53,0.993,93.27,2810.0,75.23,0
3475,83.49,1.177,92.43,2832.5,62.2,1
1662,71.78,0.749,93.89,2930.0,83.65,0
1154,65.21,0.684,95.28,2975.7,88.21,0
1077,69.22,0.659,95.89,2861.9,85.0,0
1708,72.49,0.728,91.58,2958.3,80.67,0
2778,71.93,0.97,89.62,2905.7,69.71,1
1696,61.13,0.695,92.74,2936.4,81.41,0
1734,64.17,0.933,94.8,2892.3,81.96,0
1440,60.5,0.695,98.19,2943.4,84.97,0
2295,77.3,0.837,97.48,2877.2,75.49,0
836,70.87,0.751,97.66,3006.6,89.13,0
3511,85.49,1.239,90.84,2806.1,65.64,1
203,50.92,0.621,100.12,2995.3,98.2,0
3256,81.64,1.243,83.95,2750.3,67.73,1
123,71.68,0.718,96.19,3009.1,100.0,0
401,67.56,0.565,101.08,2942.5,96.32,0
767,53.08,0.508,100.27,2987.3,91.6,0
294,70.31,0.586,101.62,3024.7,96.85,0
2328,71.85,0.899,92.48,2853.1,76.92,0
2932,73.5,0.991,85.22,2855.0,71.91,0
198,63.25,0.55,96.32,2998.8,97.93,0
3030,69.9,1.193,88.28,2866.9,65.81,1
1931,69.67,0.803,96.09,2942.9,79.82,0
3583,86.02,1.344,88.18,2853.8,64.17,1
2800,77.11,0.961,96.67,2841.0,74.61,0
2192,71.25,0.914,97.83,2970.3,76.51,0
609,63.49,0.66,103.19,3007.1,90.64,0
3273,70.46,1.116,87.43,2906.6,67.4,1
1148,64.99,0.552,98.03,2959.9,90.25,0
187,52.76,0.63,98.01,3010.9,97.34,0
3398,82.1,1.117,90.79,2824.2,70.79,1
2512,61.63,1.077,90.05,2852.2,79.17,1
3421,81.38,1.058,93.42,2877.7,65.65,1
1795,73.87,0.75,92.25,2923.5,82.42,0
660,69.89,0.718,92.18,2960.4,96.14,0
2812,74.49,1.096,97.67,2808.3,71.7,1
3003,79.6,1.057,92.32,2927.6,68.36,1
1956,68.98,0.927,90.92,2907.8,82.22,0
2451,66.32,0.895,92.16,2816.1,76.42,0
1370,74.5,0.785,94.16,2935.6,84.69,0
1987,69.45,0.91,94.06,2890.6,80.69,0
1535,60.63,0.77,97.8,2911.2,84.33,0
147,58.4,0.446,101.5,3021.5,97.76,0
3220,73.96,1.151,91.1,2829.0,66.23,1
2912,76.87,1.077,91.28,2839.1,71.12,1
1735,80.41,0.8,98.03,2981.4,82.12,0
1844,71.83,0.765,88.69,2820.8,82.13,0
489,63.48,0.599,96.29,2973.0,96.75,0
2977,87.16,1.049,88.13,2897.6,70.69,1
1960,74.69,0.789,97.14,2933.3,80.9,0
1664,69.59,0.837,92.79,2967.8,82.28,0
2599,70.6,1.181,88.35,2971.1,76.36,1
2386,73.51,0.941,94.49,2965.6,74.44,0
2920,74.27,1.234,88.51,2796.2,67.58,1
641,63.66,0.84,97.02,2887.4,91.45,0
1803,75.59,0.765,101.73,2926.2,84.04,0
2521,69.9,1.005,94.8,2806.2,75.71,1
1970,72.42,1.104,93.46,2805.2,82.92,1
2199,75.74,0.928,93.04,2905.9,75.36,0
1439,63.88,0.791,98.41,2956.4,90.25,0
3370,72.74,1.007,91.88,2917.1,65.73,1
1635,67.42,0.774,95.32,2956.7,80.13,0
263,59.01,0.608,99.52,3082.8,100.0,0
1788,74.7,1.101,90.2,2928.4,79.5,1
2192,65.95,0.919,88.35,2833.6,77.28,0
2394,72.31,0.813,92.29,2921.4,75.65,0
624,75.85,0.484,96.23,3035.5,94.65,0
1017,67.15,0.7,98.71,2968.7,88.25,0
3644,81.12,1.347,89.66,2890.3,65.64,1
881,70.21,0.74,95.04,2949.8,92.7,0
2050,67.94,0.956,94.34,2924.8,79.54,0
2945,69.32,1.22,89.91,2844.0,73.2,1
1328,67.52,0.694,102.22,3052.6,86.58,0
2302,72.84,0.962,94.25,2927.0,76.43,0
453,54.17,0.539,93.96,2921.5,99.47,0
3109,77.42,1.095,96.13,2937.2,69.5,1
1184,71.27,0.636,94.55,2904.1,86.19,0
3063,70.75,1.078,87.89,2847.5,67.67,1
2057,72.46,0.909,100.26,2920.6,79.47,0
3305,80.99,1.124,91.12,2862.2,62.15,1
3171,78.79,1.118,92.59,2865.6,67.02,1
1683,71.82,0.877,97.15,2859.2,82.97,0
2864,73.1,1.197,90.79,2881.2,71.03,1
2256,65.64,1.082,91.51,2942.2,74.93,1
1155,63.54,0.807,95.31,2995.8,87.55,0
404,59.09,0.455,103.61,2914.7,98.32,0
2200,70.6,0.904,94.01,2857.2,79.95,0
2102,75.98,0.893,97.63,2842.7,79.17,0
3192,69.4,1.073,90.19,2857.4,67.94,1
1697,69.21,0.874,92.64,2837.6,82.71,0
628,57.82,0.466,93.79,2912.5,94.19,0
587,59.23,0.787,100.18,2937.4,94.34,0
1649,71.04,0.949,100.14,2827.7,84.16,0
1444,61.27,0.837,93.01,2926.4,86.56,0
1446,70.9,0.783,97.2,2822.4,83.12,0
104,53.76,0.644,95.56,3019.1,98.34,0
254,64.6,0.62,97.57,2967.4,97.86,0
3299,68.75,1.27,90.91,2803.9,65.08,1
3184,72.83,1.131,85.26,2817.8,66.81,1
2558,82.27,1.191,92.27,2869.1,73.98,1
1497,76.03,0.916,93.0,2954.8,84.69,0
99,58.43,0.571,101.52,3060.9,99.44,0
2201,72.95,1.066,92.9,2940.6,76.29,1
1885,75.45,0.835,97.16,3017.3,83.09,0
2962,78.22,0.976,90.28,2885.7,70.03,0
1920,68.23,0.916,90.15,2911.0,81.09,0
878,60.65,0.67,92.91,2933.2,90.48,0
338,66.03,0.548,93.26,2961.9,97.09,0
2870,80.0,1.196,93.29,2883.5,74.64,1
3235,84.75,1.164,97.97,2788.3,66.89,1
957,56.35,0.718,98.43,2963.6,89.34,0
1705,62.26,0.808,99.9,2913.8,81.29,0
161,66.61,0.62,102.92,2955.5,98.27,0
1604,60.26,0.891,93.63,2867.2,83.82,0
2849,80.44,1.157,95.25,2983.8,71.61,1
398,60.92,0.53,97.37,2910.3,96.96,0
1301,63.9,0.891,94.72,2931.6,87.67,0
816,65.11,0.847,96.93,3020.3,91.79,0
1528,60.91,0.89,94.93,2950.1,88.63,0
1920,73.72,0.803,96.22,2880.3,82.18,0
1416,75.53,0.703,93.74,2869.6,83.66,0
1159,70.15,0.694,99.19,2948.5,85.32,0
1219,64.86,0.687,98.97,2807.1,86.42,0
401,54.31,0.573,99.83,2988.4,96.3,0
640,55.7,0.691,103.9,2969.7,92.04,0
3105,68.88,1.15,94.55,2898.3,67.69,1
2736,73.62,1.067,95.0,2806.0,72.69,1
460,62.87,0.568,98.82,2960.8,94.72,0
955,69.12,0.684,98.19,2974.1,86.35,0
470,53.37,0.674,100.16,2986.8,97.45,0
3447,83.79,0.988,89.7,2760.5,67.22,1
1046,68.7,0.708,95.74,2915.3,86.97,0
2798,72.36,1.088,84.39,2930.1,72.13,1
1694,62.52,0.917,97.07,2928.3,80.83,0
2086,76.68,0.816,96.87,2812.5,77.92,0
2278,69.89,0.849,89.68,2930.3,78.19,0
3437,77.08,1.246,91.5,2748.2,67.25,1
563,64.73,0.422,96.54,2956.5,95.94,0
2486,67.86,1.13,91.44,2903.9,75.63,1
1800,67.59,0.883,98.53,2970.7,84.55,0
3355,81.1,1.327,86.96,2715.4,65.23,1
2075,74.2,0.806,90.8,2931.8,78.47,0
226,65.0,0.502,104.74,3031.8,92.55,0
3349,70.97,0.929,89.52,2804.7,66.32,1
798,62.81,0.58,101.35,2964.6,93.18,0
2332,69.68,0.948,88.21,2730.8,77.25,0
2927,76.76,0.889,86.66,2716.3,69.48,1
960,66.48,0.653,94.38,3007.4,92.09,0
1505,68.3,0.602,94.04,2897.8,84.8,0
453,74.59,0.565,94.43,2960.0,97.0,0
3068,73.89,1.228,91.9,2858.3,70.29,1
816,62.04,0.66,98.86,2940.9,94.69,0
659,57.51,0.798,95.33,2944.1,94.09,0
3588,70.25,1.296,86.78,2840.3,65.34,1
547,56.63,0.744,96.3,2897.9,94.38,0
1216,62.49,0.667,92.86,2997.2,86.83,0
3121,82.16,1.045,81.95,2832.4,69.77,1
3584,78.12,1.251,88.99,2770.5,67.17,1
17,61.05,0.346,98.66,2942.1,98.6,0
3244,75.74,1.196,89.28,2839.9,67.06,1
1244,68.05,0.716,93.23,2922.5,87.61,0
2206,78.04,1.074,95.81,2812.3,79.31,1
2525,62.66,1.073,99.7,2843.7,75.44,1
1070,71.44,0.824,94.29,2906.0,91.13,0
3445,64.65,1.114,93.86,2890.8,69.5,1
2566,72.97,1.118,93.4,2878.2,73.06,1
2147,81.69,1.074,93.67,2971.1,79.75,1
1769,72.25,0.85,93.66,2876.1,82.95,0
1061,67.17,0.638,96.57,2932.4,89.43,0
2328,81.65,0.893,96.46,2902.9,77.93,0
3421,73.59,1.308,86.32,2859.2,65.26,1
2545,74.89,1.277,91.54,2908.8,75.2,1
302,64.4,0.462,102.84,2940.5,94.37,0
181,58.29,0.43,102.41,2948.0,97.11,0
607,60.86,0.714,94.81,2951.9,96.03,0
3171,73.14,1.059,89.94,2915.5,70.31,1
700,63.94,0.742,100.08,2915.0,93.52,0
993,67.7,0.745,99.01,2924.0,89.16,0
1140,66.32,0.726,99.51,2979.5,90.25,0
191,64.5,0.582,100.58,3024.3,100.0,0
2301,61.66,0.998,94.75,2912.7,76.17,0
981,63.81,0.678,98.09,2955.0,87.28,0
2976,69.76,0.92,95.81,2797.9,71.14,0
2007,71.54,0.919,92.71,2865.1,81.76,0
1185,67.36,0.894,96.59,2997.1,89.32,0
3328,76.06,1.005,86.97,2872.3,69.85,1
3395,79.53,1.082,86.18,2763.5,69.19,1
128,65.63,0.568,100.59,3037.1,98.11,0
2066,70.03,0.917,91.63,2962.1,79.74,0
1817,63.83,0.905,94.38,2911.8,80.84,0
1759,60.89,0.782,99.58,2933.4,80.37,0
2614,73.25,1.139,96.84,2919.9,71.93,1
570,64.06,0.619,104.96,2936.7,95.73,0
1347,61.89,0.839,100.87,3049.1,87.14,0
1896,73.11,0.911,101.52,2966.4,82.82,0
2734,71.38,1.064,93.11,2889.5,77.72,1
626,54.85,0.688,95.41,2967.0,94.74,0
3360,83.08,1.191,86.92,2856.7,64.82,1
2902,80.23,0.961,95.48,2776.9,73.05,0
1687,58.36,0.946,95.09,3019.8,81.52,0
3010,72.24,1.184,91.35,2905.9,73.4,1
155,57.77,0.32,97.89,3065.5,94.51,0
2538,80.89,0.942,91.1,2874.6,73.53,0
1410,66.55,0.886,96.92,2911.5,87.14,0
785,56.45,0.474,94.48,2927.0,94.51,0
3176,80.29,1.23,91.24,2881.9,66.89,1
3465,71.17,1.179,94.14,2801.1,63.63,1
246,59.93,0.683,92.86,2978.3,97.84,0
3248,72.39,1.149,85.63,2864.9,71.34,1
3111,72.75,1.05,92.69,2811.5,65.81,1
1501,72.19,0.831,99.59,2977.1,84.36,0
1706,76.14,0.838,93.41,2913.8,83.46,0
2807,67.66,0.98,85.58,2784.2,70.34,0
538,65.82,0.829,102.68,2939.6,93.02,0
1891,65.79,0.781,91.89,2970.9,80.62,0
1842,65.7,0.644,93.39,2861.0,82.17,0
921,67.06,0.842,98.19,2998.7,90.4,0
2456,67.14,0.933,90.63,2883.3,78.37,0
525,64.98,0.575,95.8,2965.2,95.94,0
2876,78.03,1.039,88.8,2981.8,72.01,1
1530,65.49,0.749,100.98,2859.3,86.76,0
2951,81.39,1.014,94.63,2815.4,71.29,1
36,53.82,0.408,101.62,2997.0,98.75,0
685,70.15,0.643,91.39,3086.5,92.62,0
20,50.38,0.464,101.67,2997.9,97.54,0
2369,85.34,1.047,94.47,2895.3,80.32,1
2560,70.77,1.06,88.49,2855.2,76.26,1
400,56.19,0.487,99.58,2997.9,90.88,0
2702,72.35,1.051,95.05,2851.2,75.65,1
972,59.63,0.653,98.79,2986.2,87.35,0
1907,71.47,0.782,92.24,2943.4,81.97,0
2519,79.43,1.073,92.48,2862.3,70.4,1
1167,60.87,0.721,98.69,2885.4,87.47,0
1116,68.48,0.682,96.83,2948.9,91.52,0
3426,69.47,1.1,93.48,2898.8,68.53,1
834,69.33,0.564,98.69,2917.0,92.27,0
1824,71.2,1.064,96.79,2925.5,83.33,1
2775,79.26,1.088,94.14,2801.0,69.42,1
1983,69.3,0.787,90.85,2848.9,81.25,0
854,62.09,0.7,97.59,3022.3,93.16,0
51,64.34,0.616,98.85,3032.0,100.0,0
575,56.33,0.632,101.41,2988.7,93.0,0
3262,67.6,1.29,91.6,2720.8,67.41,1
1149,65.72,0.576,95.99,2914.9,88.67,0
2198,69.04,0.74,89.56,2920.4,79.42,0
2362,74.58,0.998,88.12,2809.4,78.14,0
2618,78.55,1.051,93.08,2851.4,75.94,1
3414,79.74,0.849,87.61,2867.6,67.84,1
2353,76.82,0.908,94.94,2806.8,73.51,0
1716,70.19,0.742,89.92,2830.2,77.61,0
682,65.88,0.497,102.73,2891.2,92.15,0
838,63.61,0.566,99.48,2974.8,91.55,0
1078,67.72,0.775,97.06,2918.3,87.99,0
3051,76.09,1.008,95.9,2891.4,68.57,1
2492,74.09,0.9,95.37,2881.5,74.41,0
2661,72.47,0.87,90.59,2961.0,74.54,0
3041,79.25,1.235,91.11,2786.1,67.52,1
2312,68.01,1.006,87.17,2901.0,76.72,1
3125,75.53,0.876,93.82,2804.0,68.61,1
1596,74.54,0.721,94.32,2950.2,85.15,0
3052,70.52,1.163,84.91,2853.4,71.8,1
5,49.22,0.629,96.44,2950.1,100.0,0
1127,67.47,0.809,99.23,2935.8,87.24,0
1220,64.82,0.708,101.18,2942.7,83.8,0
774,68.92,0.462,97.74,2931.3,91.78,0
877,63.73,0.762,94.42,2992.5,88.05,0
992,61.94,0.669,92.76,2898.8,95.55,0
2932,74.28,1.093,95.45,2958.0,68.93,1
3422,82.58,1.167,91.08,2876.6,66.91,1
47,63.11,0.374,98.87,3015.1,100.0,0
2915,62.41,1.119,89.55,2996.5,71.53,1
2871,75.28,1.097,93.4,2841.0,75.44,1
2984,76.1,1.054,92.98,2881.4,69.76,1
2704,73.43,1.088,89.2,2875.9,71.29,1
269,58.29,0.416,95.77,3026.4,95.54,0
370,67.82,0.547,95.61,3056.3,97.8,0
636,69.4,0.63,96.69,2995.6,93.26,0
1130,54.63,0.553,94.54,2995.6,86.93,0
1694,64.48,0.833,99.77,2887.8,83.94,0
1683,67.69,0.91,93.44,2905.5,84.59,0
657,68.03,0.601,94.28,3049.1,93.97,0
120,60.77,0.521,96.06,3023.8,100.0,0
831,60.74,0.722,96.96,2970.9,91.87,0
1811,72.6,0.823,89.1,2871.8,80.7,0
1082,64.35,0.687,96.57,2994.2,90.8,0
1975,69.29,0.777,90.07,2862.2,78.47,0
1370,66.71,0.773,99.37,2877.7,84.04,0
741,66.58,0.615,98.13,2968.7,94.9,0
3546,76.19,1.259,95.73,2702.6,63.84,1
117,64.02,0.58,98.96,3024.7,100.0,0
1854,68.9,0.95,85.04,2926.1,83.17,0
2839,68.86,1.017,95.86,2840.4,70.76,1
1151,65.57,0.513,98.05,2929.3,89.46,0
3465,72.25,1.267,91.58,2820.8,70.41,1
1932,69.86,0.93,91.2,2863.9,82.19,0
1013,69.21,0.639,96.83,2958.6,91.03,0
1665,62.96,0.888,95.56,2904.3,82.16,0
1082,67.23,0.572,96.04,2951.5,92.87,0
634,59.02,0.73,92.89,2960.5,96.3,0
513,63.57,0.569,106.77,2956.7,93.7,0
2850,78.55,0.987,93.96,2871.4,75.26,0
1120,54.95,0.662,97.9,2983.1,89.13,0
1142,60.14,0.705,100.52,2916.7,86.9,0
560,60.96,0.611,100.25,2991.8,93.2,0
488,64.02,0.602,96.5,3001.6,96.88,0
3309,75.71,1.119,93.82,2770.4,65.24,1
897,64.26,0.699,99.87,3004.0,88.82,0
3344,86.93,1.17,88.05,2935.6,65.68,1
1213,60.0,0.678,98.73,2934.9,87.29,0
704,69.2,0.561,97.17,2956.2,91.61,0
1471,65.61,0.855,96.21,2915.8,84.38,0
581,65.65,0.669,100.06,3002.0,96.02,0
2838,84.83,1.073,95.59,2883.6,72.13,1
2909,77.99,1.174,89.34,2775.0,69.88,1
2295,73.34,0.763,94.21,2841.9,76.19,0
3148,83.74,1.073,96.6,2868.0,68.26,1
154,66.39,0.415,99.01,2985.0,98.31,0
1680,64.4,1.062,95.55,2857.7,83.06,1
3507,79.01,1.273,95.52,2899.7,66.69,1
997,56.4,0.691,98.92,2910.2,90.42,0
3158,73.09,1.21,86.1,2843.9,68.87,1
2745,75.3,1.161,89.38,2854.2,75.4,1
3357,73.77,1.282,92.0,2778.2,70.18,1
1244,67.59,0.841,97.54,2947.0,85.1,0
1093,65.4,0.692,97.21,2965.0,85.91,0
3119,78.28,1.074,97.13,2820.7,68.11,1
1009,62.92,0.606,95.12,2932.7,91.48,0
2142,66.01,0.979,93.35,2922.9,79.33,0
1774,76.26,0.839,88.79,2812.5,84.37,0
958,62.31,0.65,100.61,2909.8,89.64,0
3060,78.6,1.065,88.42,2857.7,65.49,1
453,69.44,0.736,101.81,2951.0,92.74,0
1228,66.95,0.841,99.17,2911.5,88.85,0
2960,70.52,1.275,98.17,2897.1,72.52,1
2266,70.44,1.006,95.15,2855.0,73.53,1
2522,77.7,1.01,91.37,2972.9,77.6,1
2480,73.43,0.993,93.92,2788.3,76.13,0
2389,65.92,0.876,90.56,2770.0,75.97,0
551,65.74,0.484,99.3,3016.4,93.24,0
1636,72.03,0.878,94.49,2869.0,86.82,0
1313,64.79,0.669,95.85,2886.0,88.66,0
3326,79.68,1.186,87.33,2882.9,67.72,1
1758,70.02,0.963,95.63,2887.2,80.96,0
357,60.8,0.505,101.4,3027.7,99.66,0
2071,63.89,1.115,88.83,2865.9,79.35,1
1786,74.32,0.758,92.58,2928.8,82.74,0
2570,76.65,1.113,92.79,2845.9,74.45,1
1782,71.83,0.899,87.61,2864.9,80.65,0
3172,83.58,1.254,95.7,2927.9,68.92,1
2850,78.98,0.958,89.32,2913.3,72.89,0
3252,79.69,1.381,87.43,2801.1,66.6,1
3295,65.41,1.141,89.49,2826.3,67.52,1
2810,80.03,1.13,91.98,2933.3,72.02,1
2490,72.87,1.142,90.26,2826.1,76.93,1
1632,69.72,0.766,98.05,2871.7,83.08,0
2817,75.68,1.146,92.75,2882.7,72.28,1
1016,68.95,0.626,94.44,3062.7,90.71,0
1349,72.36,0.909,94.39,2935.2,85.87,0
516,65.75,0.527,93.9,3026.7,93.19,0
3088,77.82,1.121,86.98,2794.7,67.79,1
2840,75.36,1.099,92.64,2876.1,72.42,1
336,44.92,0.646,96.51,2965.2,96.17,0
1783,67.48,1.053,100.06,3004.2,81.67,1
2306,66.82,0.916,93.29,2964.6,78.15,0
497,68.54,0.713,94.45,3089.1,97.07,0
896,67.58,0.876,93.88,2920.4,93.42,0
2208,68.75,0.958,96.53,2891.4,76.69,0
3547,75.95,1.154,89.13,2841.4,66.38,1
852,62.29,0.497,100.42,2924.6,95.65,0
1688,66.38,1.026,93.84,2922.2,83.37,1
1932,62.44,0.862,92.52,2948.8,80.53,0
2738,65.38,0.947,95.14,2835.6,72.06,0
2428,72.29,0.85,90.14,2843.4,73.59,0
1569,73.22,0.713,96.76,2883.1,85.99,0
957,62.1,0.783,96.49,2885.0,90.29,0
2739,75.21,1.154,94.42,2905.7,72.31,1
3499,81.17,1.265,94.96,2789.8,66.38,1
1637,63.22,0.841,93.91,2877.6,85.19,0
1292,66.36,0.634,94.48,2961.9,85.88,0
3649,74.91,1.157,91.05,2817.0,62.36,1
1441,75.24,0.678,92.43,2901.7,84.35,0
1192,73.77,0.796,101.27,2980.9,92.31,0
1067,60.37,0.607,101.14,2918.4,92.28,0
3628,80.07,1.154,86.12,2709.8,65.13,1
285,66.76,0.539,94.4,3052.4,96.4,0
2445,76.47,0.822,89.18,2836.3,75.04,0
12,60.47,0.507,96.53,2963.5,100.0,0
1631,74.69,0.815,97.51,2882.7,88.11,0
3374,72.35,1.293,94.53,2834.3,66.84,1
3325,75.11,1.083,92.4,2820.0,67.77,1
2547,68.35,0.879,91.65,2922.1,69.43,1
754,67.68,0.613,98.77,3044.6,92.98,0
2083,67.5,0.807,91.14,2861.9,76.38,0
2775,73.02,1.059,94.97,2814.3,71.28,1
2897,77.57,0.893,92.61,2829.1,71.12,0
90,63.94,0.457,102.05,3017.5,98.5,0
776,59.34,0.562,95.49,2955.4,90.97,0
2653,78.55,1.087,91.54,2842.3,72.22,1
3018,77.37,1.023,93.12,2784.2,69.4,1
1626,62.72,0.652,99.45,2808.3,83.23,0
3070,68.71,1.094,88.97,2796.3,69.34,1
418,62.01,0.616,101.09,3042.3,95.71,0
115,64.83,0.496,97.52,3016.0,100.0,0
617,67.46,0.562,104.5,2959.6,89.73,0
3268,78.12,1.086,88.95,2873.1,67.81,1
826,64.37,0.676,99.45,2894.3,91.88,0
3573,80.42,1.126,89.78,2824.2,64.0,1
1650,63.97,0.797,102.87,2828.2,82.09,0
1517,76.02,0.878,96.14,2941.5,84.53,0
3147,84.1,0.999,89.01,2855.6,65.26,1
413,64.21,0.578,100.68,2993.5,96.28,0
3448,78.23,1.011,91.51,2886.0,66.3,1
3492,75.4,1.221,89.05,2864.2,63.67,1
729,66.29,0.548,94.53,2903.1,96.59,0
3349,73.29,1.272,88.37,2891.7,66.27,1
3069,64.23,0.966,93.44,2836.1,69.4,1
2809,60.47,1.106,86.33,2761.0,74.58,1
676,59.38,0.757,97.23,2960.8,97.52,0
3466,78.11,1.09,92.59,2859.1,63.09,1
1893,71.12,0.792,94.04,2854.7,79.92,0
2505,70.09,0.907,99.01,2941.4,74.74,0
2968,75.55,1.045,85.86,2805.4,68.83,1
2240,69.83,1.0,90.4,2863.9,79.29,0
2787,68.94,1.001,84.7,2827.4,70.42,1
1123,65.35,0.613,102.61,2858.4,91.3,0
1572,71.92,0.613,92.45,2871.7,85.53,0
978,60.12,0.856,91.11,2915.5,92.55,0
1009,60.28,0.87,95.14,2943.0,88.21,0
2144,65.37,0.985,89.39,2742.7,77.79,0
1688,58.76,0.757,93.12,2951.4,84.92,0
2711,71.15,1.117,91.99,2899.8,74.32,1
3262,79.88,1.247,92.63,2896.0,66.81,1
37,61.05,0.482,99.36,2923.6,99.34,0
3441,76.36,1.192,89.75,2813.3,64.72,1
1549,68.39,0.933,93.61,2969.6,84.17,0
2327,69.19,0.801,88.48,2935.0,74.8,0
2265,61.59,1.053,87.67,2960.7,75.08,1
2915,78.49,1.052,90.16,2859.4,72.86,1
873,69.72,0.563,97.63,2953.6,90.86,0
1822,65.47,0.761,93.22,2831.0,84.08,0
1297,65.73,0.673,90.68,2988.4,88.22,0
2110,69.37,0.801,94.27,2871.5,79.52,0
596,64.74,0.796,103.1,2971.9,92.62,0
1904,77.97,0.93,93.94,2903.2,78.54,0
729,69.44,0.752,96.07,2843.8,91.8,0
1366,64.95,0.829,95.72,2891.1,89.4,0
397,64.7,0.586,95.5,3002.8,97.81,0
699,69.77,0.647,94.4,2962.6,91.91,0
3091,77.5,1.078,92.08,2868.5,68.2,1
2225,71.1,0.913,96.3,2927.9,75.89,0
1636,70.41,0.686,94.65,2877.0,80.55,0
396,58.46,0.687,92.89,2954.4,96.24,0
2493,69.68,0.817,93.58,2868.3,78.52,0
3305,71.2,1.055,96.29,2873.4,70.43,1
76,61.92,0.716,99.04,2984.5,100.0,0
265,60.67,0.567,98.67,2897.7,96.14,0
2503,68.4,1.018,89.87,2864.9,72.07,1
1820,68.28,0.928,95.98,2945.7,83.89,0
718,65.94,0.49,95.83,3032.0,93.71,0
2783,83.49,0.917,94.72,2874.9,71.54,0
3456,82.34,1.147,87.66,2752.9,64.47,1
3636,66.76,1.137,90.12,2797.9,64.84,1
851,65.45,0.663,97.31,2981.2,89.84,0
3578,85.04,1.264,93.93,2864.4,64.7,1
1391,60.27,0.917,97.06,2955.8,83.65,0
144,63.48,0.61,103.73,2980.2,100.0,0
885,63.24,0.578,97.67,2998.7,89.78,0
3141,81.46,1.091,90.06,2810.9,69.89,1
3171,77.88,1.07,90.37,2850.7,65.89,1
396,57.56,0.478,96.5,3017.7,95.71,0
3097,74.48,0.995,92.3,2874.0,70.8,0
2996,74.27,1.266,88.94,2880.2,72.24,1
2939,74.08,1.089,91.52,2881.7,72.14,1
1493,73.06,0.776,98.09,2872.9,84.79,0
3556,73.57,1.26,94.08,2823.1,63.11,1
3637,83.2,1.281,89.58,2772.7,61.47,1
3223,74.6,1.256,92.91,2824.4,70.78,1
1168,66.96,0.659,98.72,2883.2,88.53,0
2617,73.45,1.064,91.0,2886.4,74.41,1
1063,65.21,0.621,103.13,2848.6,91.7,0
2157,70.72,0.912,91.8,2923.0,79.6,0
1066,72.62,0.719,97.07,2947.5,89.09,0
1210,70.26,0.757,100.73,3034.6,89.39,0
2983,73.1,1.108,95.34,2840.6,68.92,1
2446,80.14,1.069,92.7,2867.5,72.44,1
3295,77.85,1.099,93.09,2869.4,69.87,1
634,64.96,0.645,97.43,2961.0,92.58,0
1157,61.6,0.656,95.06,2955.9,87.82,0
3235,73.69,1.439,86.66,2888.0,67.22,1
1239,62.75,0.657,98.45,2924.7,86.41,0
733,64.1,0.577,100.29,3023.1,94.87,0
235,64.37,0.635,97.59,2904.3,98.4,0
2706,75.37,0.998,92.69,2944.9,72.33,0
751,71.7,0.739,105.7,2873.0,89.94,0
2636,68.74,1.043,95.53,2935.8,74.25,1
3081,75.98,1.076,88.05,2752.6,64.29,1
3146,69.32,1.054,93.57,2941.7,69.01,1
954,60.16,0.612,94.45,2960.3,93.15,0
2540,79.02,0.969,83.69,2825.8,74.73,1
2961,72.49,1.075,91.06,2945.2,72.8,1
3325,72.61,1.082,94.71,2779.3,64.29,1
3302,65.86,1.149,94.29,2823.5,71.06,1
1543,63.65,0.699,96.5,3053.1,86.76,0
1198,64.96,0.815,94.78,2959.9,88.97,0
1677,61.6,0.93,96.43,2814.8,82.03,0
1192,64.65,0.668,95.62,2926.7,86.55,0
2218,77.44,0.868,91.81,2871.0,77.68,0
1417,63.55,0.801,98.94,2938.6,88.24,0
2994,70.25,1.225,89.44,2848.1,67.43,1
2843,68.6,1.217,94.85,2885.1,71.59,1
2682,67.7,0.896,90.18,2789.5,74.65,0
1218,68.77,0.844,102.52,2911.7,89.68,0
1541,67.95,0.802,90.46,2938.5,86.05,0
2077,75.17,0.911,90.9,2858.0,76.39,0
3237,86.28,1.198,89.82,2892.9,69.89,1
1446,58.08,0.741,89.71,2890.6,85.67,0
2387,73.84,1.087,85.13,2887.8,73.96,1
1520,62.01,0.946,89.51,2918.8,84.75,0
1389,70.89,0.924,94.96,2879.8,82.19,0
1857,67.93,0.687,93.63,2910.2,82.59,0
1366,66.97,0.75,96.9,2866.1,86.08,0
500,56.08,0.406,97.91,2952.8,92.46,0
1681,66.27,0.76,95.86,2917.5,82.61,0
511,63.0,0.362,97.12,2903.1,93.48,0
3399,83.78,1.225,91.95,2861.2,64.72,1
217,57.11,0.565,101.13,3002.2,93.31,0
1325,63.87,0.722,95.04,2960.4,83.41,0
1156,70.5,0.652,98.13,2942.3,87.98,0
1828,64.84,0.897,93.94,2851.1,80.92,0
3142,81.42,1.027,86.01,2842.9,70.53,1
3324,76.57,1.057,92.74,2865.0,65.5,1
3487,78.95,1.077,86.82,2766.1,64.08,1
1811,70.89,0.842,97.25,2853.9,80.93,0
2493,69.38,0.94,93.49,2863.0,74.68,0
2924,76.57,1.046,90.97,2835.2,70.94,1
1206,62.17,0.793,90.75,2938.9,87.13,0
2215,68.56,1.039,97.97,2874.7,78.99,1
91,63.25,0.663,98.64,3003.4,100.0,0
714,65.04,0.649,99.76,3025.4,91.21,0
1882,69.04,0.911,94.01,2932.8,81.96,0
3603,71.72,1.239,88.38,2822.7,64.03,1
39,55.15,0.34,100.46,2942.7,100.0,0
3198,77.37,1.103,90.49,2804.0,68.43,1
3523,81.28,1.168,88.63,2865.9,63.32,1
173,55.32,0.484,99.32,2967.9,95.94,0
653,59.07,0.627,99.32,2919.0,94.69,0
754,64.44,0.629,99.23,3067.2,90.29,0
1244,66.78,0.65,96.4,3014.0,89.93,0
1082,57.29,0.701,98.62,2939.7,90.29,0
1684,69.23,0.773,93.68,2861.7,83.33,0
2524,69.63,0.743,99.1,2910.0,72.14,0
456,70.49,0.451,103.09,2952.7,96.79,0
829,65.39,0.675,99.8,3003.0,94.94,0
895,66.58,0.788,91.49,2930.8,90.2,0
1385,69.16,0.534,97.66,3013.0,84.67,0
1959,63.73,0.805,93.11,2876.1,80.23,0
3073,85.08,1.158,87.84,2964.6,70.2,1
2435,64.06,1.075,91.61,2888.0,74.59,1
1997,73.96,0.857,91.41,2969.4,81.83,0
2396,75.07,0.911,94.33,2853.2,79.86,0
190,58.56,0.66,104.28,2924.9,98.76,0
505,65.86,0.681,100.96,2859.4,94.3,0
1215,64.49,0.829,104.64,3003.1,88.73,0
1532,64.28,0.76,90.74,2926.8,87.03,0
3441,79.55,1.3,88.16,2765.6,65.91,1
3481,72.37,1.002,86.73,2891.9,66.16,1
824,63.0,0.778,101.22,3016.6,93.17,0
929,61.67,0.679,96.55,3022.7,88.96,0
934,62.99,0.7,97.77,2886.3,91.58,0
1141,67.87,0.634,98.48,3005.3,85.91,0
134,57.7,0.345,95.23,3012.5,97.34,0
2106,69.57,0.932,91.82,2966.1,81.23,0
3628,75.62,1.281,92.11,2845.7,65.46,1
685,70.64,0.707,96.3,2974.4,92.61,0
2720,75.31,1.103,86.7,2927.0,76.21,1
2221,72.21,0.981,90.63,2931.5,75.17,0
1853,72.68,0.778,93.58,2961.4,81.06,0
815,61.1,0.74,98.06,2934.8,92.4,0
1173,70.16,0.631,96.27,2932.7,82.65,0
80,62.13,0.627,97.92,2909.3,98.88,0
2934,66.87,1.078,94.02,2825.3,68.41,1
3285,69.28,1.152,89.76,2875.3,64.95,1
203,58.15,0.627,100.02,3018.1,97.43,0
2812,67.45,1.163,89.88,2810.4,68.23,1
1253,65.07,0.828,100.77,3001.5,85.85,0
1700,63.43,0.758,93.73,3063.7,79.4,0
1251,65.77,0.826,96.47,2892.3,87.74,0
1683,75.47,0.755,98.06,2905.6,83.38,0
1556,67.53,0.89,96.17,2891.1,83.74,0
3513,76.05,1.06,90.23,2819.6,66.86,1
3474,79.31,1.185,83.66,2840.0,64.67,1
2095,66.99,0.837,95.76,2860.4,79.0,0
1257,70.5,0.838,96.4,2923.3,85.62,0
3377,79.36,1.287,91.49,2835.5,61.62,1
1550,67.94,0.83,95.9,2946.1,84.21,0
1167,66.61,0.75,94.82,3015.0,87.78,0
3487,87.64,1.268,92.22,2824.9,68.55,1
3585,82.64,1.329,89.84,2792.7,65.48,1
1397,77.98,0.783,91.94,2965.0,85.2,0
3638,80.85,1.178,93.01,2838.1,63.9,1
3331,69.3,1.231,85.72,2823.8,68.5,1
2704,72.21,0.855,94.59,2889.1,73.99,0
471,53.85,0.685,103.05,2957.3,98.63,0
3019,77.74,1.033,87.62,2822.5,68.23,1
1036,68.91,0.683,96.52,2853.2,91.59,0
1354,62.34,0.862,95.29,2915.9,85.61,0
2784,70.64,1.015,91.14,2772.7,72.55,1
2832,74.9,1.131,96.99,2826.4,70.56,1
968,58.85,0.807,93.81,2980.6,90.04,0
358,55.42,0.583,98.01,2906.8,96.84,0
3020,81.29,1.135,95.45,2839.5,70.99,1
3480,77.97,1.184,88.59,2829.3,65.32,1
668,60.55,0.645,95.19,2954.7,88.35,0
373,53.4,0.463,99.67,2957.3,96.12,0
1032,69.42,0.677,99.32,2964.7,92.62,0
1146,62.31,0.6,95.38,2965.9,88.37,0
1372,76.16,0.685,97.55,2931.5,89.28,0
2724,77.92,0.845,87.7,2842.5,72.52,0
90,56.41,0.544,95.77,3038.7,95.96,0
2746,70.15,1.218,90.44,2797.2,71.67,1
3388,85.55,1.132,91.61,2865.0,65.0,1
3250,75.83,1.247,92.53,2858.5,67.04,1
540,60.13,0.721,94.83,2983.0,92.23,0
2780,74.04,0.936,93.83,2860.5,72.18,0
869,61.76,0.575,97.89,2862.1,90.65,0
41,61.41,0.607,97.24,3067.3,100.0,0
740,63.32,0.639,93.78,3004.9,90.18,0
1947,74.11,0.76,94.85,2854.6,81.02,0
2550,70.81,0.946,96.22,2910.4,75.32,0
3007,70.61,1.143,91.09,2859.1,71.48,1
3217,74.34,1.064,87.54,2810.0,67.1,1
1225,64.35,0.468,90.72,2998.3,88.19,0
929,64.26,0.654,101.8,2932.0,91.42,0
2037,73.36,0.883,97.01,2966.0,76.33,0
2509,75.44,1.003,93.38,2901.3,74.25,1
2780,79.9,1.182,96.09,2908.8,72.13,1
2800,69.94,1.065,92.27,2889.0,72.17,1
925,66.57,0.709,95.63,2980.4,90.89,0
2957,78.42,1.197,92.79,2862.9,71.31,1
1582,64.54,0.817,92.76,2884.6,88.06,0
3619,77.06,1.437,86.16,2822.2,62.62,1
3325,67.88,1.039,92.34,2879.6,67.51,1
390,66.48,0.485,101.4,3016.5,98.7,0
1618,67.01,0.885,91.32,2944.2,80.22,0
2931,78.69,1.212,87.5,2748.7,71.23,1
256,62.31,0.531,97.9,2976.5,94.08,0
709,62.62,0.541,95.74,2948.6,97.28,0
1839,61.23,1.044,95.91,2852.9,82.65,1
1945,62.65,0.81,94.31,2947.9,81.32,0
2498,59.52,1.034,96.0,2773.8,71.27,1
10,57.24,0.633,100.92,3041.3,98.89,0
2872,85.75,1.03,89.45,2922.9,70.28,1
798,57.55,0.597,91.93,2949.6,95.55,0
3314,63.41,1.107,90.6,2830.6,68.32,1
3323,81.43,1.255,84.9,2882.2,63.46,1
877,76.2,0.781,95.4,2918.0,92.17,0
1029,66.63,0.709,94.75,2981.6,86.7,0
3191,77.4,1.327,88.9,2794.6,64.83,1
1016,63.53,0.706,93.0,2888.3,90.75,0
1825,60.15,0.994,92.35,2923.5,83.24,0
374,54.62,0.532,102.32,2980.0,97.18,0
3137,74.1,1.361,94.02,2757.1,72.39,1
2194,68.43,1.096,98.02,2961.1,78.8,1
224,60.54,0.532,99.36,2968.1,98.1,0
1263,70.46,0.896,97.02,2962.4,84.94,0
2225,68.22,1.083,96.81,2969.0,79.47,1
1803,73.26,1.016,90.18,2922.2,78.67,1
853,61.39,0.422,99.86,3021.0,95.51,0
3354,81.96,1.243,93.85,2789.1,68.2,1
63,60.75,0.567,97.14,3067.9,100.0,0
1241,64.03,0.795,100.42,2896.7,88.37,0
2875,74.72,1.097,97.55,2827.7,73.09,1
2843,72.75,1.093,93.8,2785.1,71.02,1
689,64.01,0.766,99.72,2979.0,93.02,0
1485,71.22,0.851,92.19,2957.3,83.05,0
1634,67.73,0.848,98.31,2956.6,80.76,0
2153,68.92,1.045,90.46,2820.8,78.85,1
3171,70.24,1.176,91.6,2860.2,68.19,1
511,65.45,0.654,99.88,2995.0,92.74,0
385,63.67,0.764,88.96,3011.5,94.35,0
405,56.12,0.538,100.0,2941.1,96.01,0
2871,78.53,0.923,99.25,2731.2,69.1,1
518,56.6,0.611,92.17,3009.4,95.53,0
476,67.53,0.617,98.41,2968.9,93.12,0
2001,73.44,0.972,88.16,2914.0,80.5,0
2757,75.88,1.062,89.05,2857.4,70.13,1
1669,66.46,0.909,89.2,2928.3,81.02,0
1894,72.35,1.129,94.8,2942.2,76.34,1
2819,79.48,1.144,93.92,2766.2,71.49,1
1461,70.27,0.89,96.85,2984.0,88.3,0
3095,72.12,1.106,87.92,2836.1,71.84,1
3045,76.56,0.97,89.04,2929.1,70.2,0
3637,83.85,0.998,89.91,2795.2,59.63,1
2725,84.62,0.993,89.13,2829.7,74.44,0
714,62.54,0.385,93.87,2956.9,93.31,0
3530,81.94,1.257,88.69,2848.5,63.89,1
83,66.09,0.478,96.92,2982.1,100.0,0
1169,61.78,0.602,97.73,2970.2,89.54,0
3157,84.7,1.144,94.43,2822.8,72.35,1
3150,70.42,1.056,98.34,2844.2,65.69,1
2505,76.57,1.046,93.5,2986.6,72.3,1
1902,71.04,0.951,96.23,2922.8,78.66,0
2049,70.52,0.84,92.06,2919.4,78.94,0
51,72.99,0.486,98.23,2923.8,100.0,0
685,61.92,0.658,101.8,3033.5,91.9,0
717,62.0,0.503,97.02,3017.5,91.63,0
1470,74.01,0.815,95.81,2890.8,86.13,0
449,66.05,0.447,102.32,3029.9,97.2,0
881,70.82,0.733,96.55,2972.4,86.72,0
488,63.02,0.554,103.04,2977.9,97.2,0
1824,70.7,0.721,96.25,2973.3,80.45,0
2082,79.91,0.858,95.12,2870.3,78.98,0
3420,72.92,1.13,87.8,2792.9,68.64,1
2143,70.2,1.035,95.1,2903.2,78.14,1
3144,79.71,1.146,89.28,2869.2,65.5,1
1575,66.9,0.719,96.68,2969.6,81.3,0
2202,68.16,1.105,93.09,2882.4,77.92,1
250,64.34,0.613,102.15,2945.0,96.83,0
674,70.05,0.601,97.88,3092.7,93.38,0
438,61.49,0.432,104.8,2923.8,94.82,0
2166,69.99,0.891,92.68,2894.5,80.82,0
771,60.62,0.632,96.08,3000.4,92.34,0
3378,75.41,1.213,90.9,2888.7,62.69,1
268,66.76,0.614,102.43,2958.2,98.95,0
1985,70.33,0.978,97.26,2807.0,83.96,0
1078,61.37,0.554,97.27,2916.6,89.53,0
236,62.49,0.568,100.31,3031.3,98.11,0
389,67.2,0.562,99.85,3012.4,94.55,0
3038,72.38,1.375,87.65,2881.6,69.14,1
763,57.17,0.659,100.78,2997.4,93.38,0
1849,80.2,0.808,90.68,2974.6,83.77,0
2449,65.35,1.001,89.43,2838.8,76.4,1
624,61.32,0.624,98.29,2908.9,97.4,0
2815,75.24,0.864,90.6,2877.8,72.05,0
3375,75.51,1.216,92.26,2778.8,64.01,1
2967,74.46,1.062,92.44,2788.6,68.14,1
3279,79.28,1.153,90.58,2897.2,69.68,1
1253,54.31,0.663,92.86,2949.9,89.48,0
2901,68.17,0.971,91.38,2856.4,67.7,1
578,63.11,0.703,98.11,2973.6,93.8,0
2123,68.59,1.035,94.3,2888.5,78.42,1
435,62.82,0.629,97.4,3039.1,94.15,0
2151,71.89,0.749,95.12,2816.7,75.67,0
3494,66.89,1.247,88.48,2747.5,63.51,1
764,70.19,0.473,99.0,2915.0,90.45,0
2786,71.44,0.991,94.03,2875.2,69.37,1
2854,69.94,1.157,89.83,2947.6,73.12,1
1330,67.69,0.832,93.69,2977.0,87.27,0
2146,71.27,0.975,94.99,2922.3,77.61,0
2846,80.21,1.2,87.5,2853.7,67.4,1
1359,68.15,0.828,99.26,2865.4,85.81,0
2907,80.33,0.879,91.31,2880.4,71.97,0
2483,67.72,0.96,92.21,2977.1,73.7,0
447,62.94,0.585,100.3,2965.6,93.23,0
2018,64.52,0.888,95.4,2871.1,79.57,0
1332,67.15,0.705,96.02,2921.6,87.35,0
249,60.67,0.447,101.89,3017.5,93.51,0
166,60.04,0.773,97.48,2997.3,100.0,0
3553,77.02,1.172,91.48,2867.9,61.97,1
3032,78.84,1.342,87.67,2846.7,68.83,1
1359,58.76,0.658,97.45,2920.0,88.77,0
1020,60.6,0.77,95.96,2960.5,90.05,0
542,62.51,0.631,94.44,2945.9,96.77,0
759,57.9,0.56,98.49,3049.1,95.52,0
3178,76.12,1.089,90.36,2882.3,65.3,1
3635,77.92,1.225,84.47,2763.3,65.45,1
2129,63.63,0.841,87.27,2856.3,81.36,0
2181,63.64,0.911,93.0,2919.2,77.44,0
797,50.87,0.423,102.46,2969.3,91.44,0
2948,68.64,1.161,92.12,2867.7,66.69,1
138,60.76,0.65,97.58,2983.5,100.0,0
2232,71.94,0.992,96.55,2911.2,72.61,0
3473,78.37,1.421,92.3,2817.9,67.21,1
1354,62.88,0.839,99.75,2960.5,83.62,0
2833,74.07,1.181,93.55,2897.0,74.45,1
3580,79.89,1.34,91.92,2901.3,64.99,1
1876,63.04,0.6,96.57,2880.5,83.26,0
3032,75.78,1.149,89.47,2847.8,68.05,1
69,63.63,0.376,94.88,2935.6,96.64,0
2594,70.52,0.901,90.65,2961.6,70.53,0
2101,75.82,0.82,97.01,2796.2,81.17,0
1474,65.03,0.764,94.43,3010.4,86.59,0
205,56.72,0.606,98.95,2994.4,99.35,0
2174,73.65,0.978,89.98,2912.2,78.84,0
43,70.38,0.507,98.22,2989.6,100.0,0
1907,69.96,0.954,94.25,2906.2,80.35,0
2159,73.97,1.01,95.0,2921.5,79.15,1
761,61.26,0.696,96.34,2880.1,90.68,0
3255,70.07,0.979,88.65,2804.6,66.76,1
2896,75.31,1.005,93.84,2812.9,77.13,1
2143,72.34,0.931,94.55,2915.2,78.65,0
1995,68.19,0.972,95.36,2900.5,76.11,0
3446,80.39,1.056,94.25,2858.6,64.72,1
1936,66.41,0.886,92.68,2911.4,78.52,0
3592,73.45,1.062,89.08,2873.3,64.4,1
900,69.8,0.783,98.95,2918.0,89.22,0
360,67.13,0.596,96.31,2984.9,95.98,0
2948,71.57,0.955,91.84,2908.1,69.04,1
1720,77.19,0.709,94.91,2959.5,83.19,0
281,59.97,0.595,107.49,2912.0,95.94,0
3267,76.76,1.291,90.5,2785.6,68.04,1
1888,69.02,0.768,97.81,2901.5,85.02,0
3267,78.95,1.232,92.69,2824.9,65.02,1
667,64.69,0.579,94.53,2963.4,94.78,0
93,61.75,0.601,95.07,3035.2,94.16,0
672,58.26,0.703,98.73,2980.9,92.81,0
1970,61.41,0.91,97.86,2918.9,80.76,0
61,66.02,0.329,100.68,3030.5,97.89,0
2682,70.68,1.105,92.19,2919.6,69.61,1
3123,75.37,1.175,89.78,2691.0,68.69,1
3475,79.01,1.236,85.6,2806.9,68.31,1
1029,73.29,0.725,94.03,2904.4,89.42,0
1490,68.26,0.71,90.66,2949.3,86.22,0
604,61.05,0.729,94.88,2946.7,96.21,0
682,60.79,0.726,96.38,2969.7,98.12,0
2582,72.72,0.909,94.58,2913.5,72.08,0
1429,62.6,0.917,94.38,2898.4,83.81,0
2886,74.57,1.09,92.11,2873.8,70.56,1
3585,77.66,1.23,89.65,2898.4,65.38,1
2693,81.67,1.021,93.42,2906.9,68.43,1
2281,70.99,0.948,90.05,2806.7,78.5,0
524,53.0,0.742,101.61,2959.2,95.06,0
2394,85.34,1.082,88.6,2898.1,74.99,1
3118,80.37,1.225,89.3,2871.7,69.67,1
2594,83.38,1.037,92.16,2857.7,75.84,1
1969,64.06,0.983,96.37,2869.6,82.37,0
1102,64.4,0.637,100.83,2948.3,89.01,0
1754,72.14,0.909,97.04,2858.0,83.11,0
1837,71.87,0.852,98.74,2963.1,82.21,0
3145,77.26,0.923,88.08,2936.2,71.01,0
2842,63.21,0.91,95.05,2877.6,72.34,0
2297,62.92,0.893,96.16,2873.5,78.32,0
2095,78.06,0.961,86.53,2942.3,80.84,0
1145,74.2,0.663,95.9,2981.3,92.47,0
2262,70.78,0.893,95.02,2873.1,76.21,0
2287,78.39,1.034,91.59,2883.3,80.38,1
1080,60.28,0.66,93.5,2915.5,94.14,0
2398,68.02,1.113,99.15,2888.3,74.98,1
107,55.02,0.638,100.01,3009.6,98.5,0
2879,70.15,1.078,91.78,2817.0,70.35,1
48,63.85,0.585,95.93,2943.9,100.0,0
3645,73.91,1.291,87.23,2751.4,59.83,1
337,72.88,0.543,96.3,3004.0,95.63,0
1050,67.55,0.796,100.09,2946.9,88.95,0
2852,79.68,1.171,92.96,2853.2,70.76,1
1281,68.85,0.661,94.45,2959.2,86.45,0
2056,76.35,0.927,95.51,2852.2,78.46,0
625,58.79,0.639,97.36,2915.2,95.3,0
1891,76.69,0.963,95.03,2917.5,82.17,0
1277,67.09,0.711,96.86,2849.7,90.64,0
1716,74.63,0.783,96.11,2901.3,84.4,0
2767,66.64,1.07,92.6,2985.0,70.13,1
303,62.42,0.679,100.35,2917.4,96.63,0
639,63.92,0.508,101.85,2946.6,93.06,0
56,57.18,0.409,101.75,2891.1,99.95,0
726,65.2,0.593,96.81,2952.0,94.93,0
526,70.33,0.571,98.13,3072.0,95.11,0
474,58.89,0.418,102.27,2999.6,95.64,0
28,64.95,0.655,100.25,2967.9,99.74,0
2126,64.99,0.912,92.5,3002.8,80.36,0
3288,86.99,1.13,88.24,2748.5,65.98,1
3458,81.21,1.354,90.45,2849.8,62.51,1
365,70.45,0.645,96.34,2985.0,97.64,0
2714,76.93,0.989,95.71,2851.9,73.61,0
526,64.58,0.622,95.31,3014.1,97.39,0
2747,77.7,1.045,96.19,2803.6,67.67,1
1336,66.0,0.912,95.14,2948.8,86.44,0
883,56.33,0.66,94.12,2965.1,91.38,0
1031,67.39,0.562,97.47,2904.9,86.67,0
1027,61.36,0.518,94.06,3046.1,89.56,0
1647,62.73,0.977,95.16,2908.6,85.9,0
919,67.78,0.605,95.51,2947.1,94.98,0
2798,72.59,1.127,94.44,2808.7,73.98,1
2411,77.19,0.989,93.18,2871.3,75.24,0
1775,64.93,0.813,91.11,3028.0,84.77,0
1532,65.31,0.78,93.61,2910.8,86.5,0
3346,82.48,1.328,92.08,2858.6,65.57,1
3578,79.29,1.071,93.13,2868.6,63.06,1
2854,66.88,1.032,91.3,2848.2,71.12,1
2787,75.22,1.148,88.51,2840.2,70.03,1
1907,76.94,0.753,97.44,2928.3,80.31,0
3087,73.04,1.249,92.84,2833.6,70.1,1
1216,69.07,0.832,100.27,2922.6,89.92,0
1655,64.03,0.858,95.91,2964.2,82.69,0
485,61.74,0.547,96.98,2972.3,97.93,0
2076,75.83,0.774,95.32,2956.9,80.54,0
714,64.67,0.714,98.84,2959.7,94.25,0
1063,71.76,0.987,95.09,2881.0,87.53,0
1977,72.01,0.91,94.66,2729.9,83.85,0
1297,77.58,0.577,95.52,2843.2,88.14,0
1255,58.45,0.797,98.47,2854.0,86.78,0
2134,69.58,1.013,95.07,2906.6,77.64,1
3546,72.31,1.117,86.21,2774.1,63.92,1
126,55.55,0.461,96.16,2895.0,96.7,0
2860,69.26,0.997,91.15,2850.5,73.38,0
537,63.52,0.554,98.49,2919.1,92.8,0
2193,72.1,0.921,95.7,2913.5,78.65,0
3597,80.12,1.133,90.75,2842.1,63.13,1
3284,70.8,1.033,94.52,2863.0,68.5,1
2073,68.74,0.932,92.38,2768.4,80.88,0
1604,63.2,0.803,93.62,2922.1,82.67,0
3466,82.01,1.15,86.72,2820.6,65.27,1
67,55.98,0.522,102.05,2935.6,96.44,0
233,60.1,0.395,99.37,2881.5,100.0,0
2157,73.59,0.958,87.97,2886.7,80.57,0
1170,62.77,0.692,97.1,2994.7,85.51,0
2159,74.26,0.956,94.32,2763.0,76.68,0
2276,79.36,0.995,92.74,2844.6,76.97,0
111,61.5,0.635,100.56,3001.0,98.97,0
1494,71.98,0.809,91.86,2981.5,83.69,0
2082,60.04,1.023,98.68,2880.3,76.89,1
623,60.97,0.592,99.27,3065.4,94.56,0
3441,78.13,1.161,84.36,2738.2,69.07,1
2796,68.72,1.05,91.59,2759.4,72.15,1
2643,74.25,1.106,93.29,2918.7,72.99,1
3626,83.43,1.288,85.78,2701.2,62.95,1
2473,62.97,1.008,94.18,2899.4,73.08,1
2661,67.36,0.909,97.06,2852.2,72.05,0
1542,68.63,0.87,93.44,2877.8,86.85,0
2740,76.0,0.962,93.07,2841.7,68.46,1
1306,70.22,0.67,96.71,2870.2,87.08,0
3392,77.51,1.065,92.73,2814.5,66.14,1
1762,71.12,0.844,94.39,2912.8,82.62,0
3515,82.09,1.324,86.25,2803.4,66.3,1
1976,67.81,0.799,96.78,2872.0,80.36,0
2363,68.77,1.14,89.89,2894.6,75.46,1
877,63.54,0.766,102.8,3039.1,89.92,0
1990,70.95,0.752,95.71,2887.2,82.7,0
3449,73.95,1.152,87.86,2868.5,67.59,1
1313,64.6,0.659,99.39,2886.0,92.63,0
1461,69.29,0.859,95.59,2860.2,84.83,0
2710,74.34,0.943,91.21,2887.2,71.62,0
2325,70.7,0.803,90.98,2872.1,77.66,0
1734,59.96,0.814,89.16,2969.8,83.52,0
1606,68.01,0.938,97.0,2986.0,85.21,0
1527,62.78,0.786,90.53,2965.6,86.42,0
2672,78.28,1.074,89.6,2907.3,74.53,1
2564,71.28,1.057,93.61,2700.5,76.51,1
3422,72.13,1.033,88.23,2851.1,68.2,1
2891,74.15,0.988,91.8,2898.6,73.54,0
3518,83.94,1.204,85.8,2760.5,60.3,1
2398,75.14,0.924,91.76,2880.5,76.48,0
1631,69.25,0.997,95.6,2866.3,81.84,0
2871,67.72,0.951,88.53,2907.8,73.4,0
1161,73.91,0.641,101.58,2894.2,83.83,0
759,60.69,0.681,95.81,2922.4,95.35,0
2947,79.4,1.027,95.29,2829.4,68.8,1
243,59.59,0.259,98.77,3100.3,95.38,0
2591,77.14,1.212,87.52,2920.7,74.8,1
1064,71.85,0.605,93.4,3027.4,88.61,0
229,64.39,0.602,99.84,2897.9,100.0,0
2596,76.76,0.894,95.31,2806.7,76.77,0
920,64.11,0.598,102.55,3020.9,89.78,0
1247,64.07,0.587,96.64,2849.6,89.61,0
6,60.72,0.427,96.45,2966.1,98.85,0
3394,75.27,1.114,90.65,2933.1,64.95,1
468,74.68,0.58,96.12,2928.4,96.75,0
1756,63.82,0.814,95.91,2821.2,85.35,0
75,65.39,0.371,96.95,2998.6,98.37,0
4,62.61,0.448,93.72,2910.8,99.23,0
1871,70.5,1.019,98.34,2968.3,81.89,1
646,70.63,0.762,97.38,2923.0,91.75,0
118,62.08,0.569,99.79,2939.3,100.0,0
2929,71.47,1.152,94.2,2855.0,68.9,1
1630,69.61,1.032,100.75,2898.3,82.43,1
2552,71.84,1.068,94.5,2885.0,78.01,1
2022,72.63,0.969,94.24,2925.0,80.21,0
947,68.8,0.533,98.55,2941.8,94.42,0
2622,68.81,0.913,91.25,2810.8,73.34,0
1465,73.3,0.79,95.71,2963.3,90.39,0
194,59.7,0.458,99.85,2955.6,99.29,0
847,66.45,0.57,95.1,2914.2,90.03,0
2763,76.9,0.964,91.77,2869.0,70.83,0
1416,68.92,0.641,96.85,2832.8,82.93,0
3098,74.94,1.04,92.26,2864.6,66.32,1
1459,64.85,0.826,96.93,2936.8,84.09,0
2221,69.76,1.124,89.32,2945.0,75.81,1
3372,84.69,1.254,93.57,2806.4,61.12,1
1669,64.02,0.897,98.43,2982.8,84.99,0
2374,68.27,0.812,92.59,2907.8,77.81,0
1434,63.35,0.799,97.06,2927.0,86.28,0
1142,66.39,0.722,95.92,3033.7,86.31,0
2884,66.8,1.106,93.6,2860.6,74.45,1
1811,62.29,0.826,92.12,2883.5,81.53,0
724,62.32,0.811,101.86,2970.0,91.09,0
225,54.69,0.55,101.43,2961.8,98.22,0
532,56.63,0.621,100.58,2992.1,95.03,0
113,54.16,0.326,99.35,3060.4,93.86,0
2188,66.71,0.927,89.2,2890.2,78.06,0
559,66.45,0.727,100.97,2976.6,94.65,0
2049,75.02,0.965,89.71,2937.4,78.75,0
2138,80.29,0.712,96.27,2952.5,75.98,0
654,72.68,0.586,95.72,2944.7,90.88,0
320,65.53,0.737,94.28,2992.6,97.83,0
1574,73.01,0.8,95.28,2961.4,85.78,0
1829,69.8,0.898,98.06,2925.0,80.81,0
1918,72.19,1.046,91.35,2811.0,81.58,1
139,70.41,0.512,104.38,3042.2,97.69,0
3583,79.77,1.296,91.22,2847.0,62.46,1
2893,80.23,1.12,91.79,2885.0,71.5,1
2027,65.46,0.968,92.61,2839.0,77.43,0
2307,68.2,0.999,91.98,2892.3,80.72,0
902,66.07,0.626,98.58,2997.1,88.1,0
690,64.2,0.593,100.47,2921.5,93.67,0
2040,67.1,0.823,92.1,2867.0,79.9,0
10,72.09,0.338,97.55,3042.5,100.0,0
261,62.17,0.677,98.58,2953.6,100.0,0
1943,67.5,0.89,98.35,2892.4,75.2,0
1674,69.13,0.954,91.33,2864.6,84.08,0
2220,71.23,1.101,96.77,2980.0,77.25,1
2946,75.67,1.095,91.29,2878.7,71.71,1
2061,62.34,0.781,88.86,2884.2,79.5,0
1192,72.42,0.719,95.04,2918.3,87.93,0
1620,74.84,0.757,96.97,2857.6,81.39,0
321,68.96,0.366,104.44,2978.4,95.44,0
1343,68.34,0.718,91.99,2966.1,92.83,0
1637,71.5,0.82,86.63,2877.7,84.82,0
2377,67.55,0.911,88.94,2886.4,78.34,0
2833,78.33,0.989,94.89,2840.0,70.97,0
2825,75.38,0.937,86.14,2927.8,70.04,0
1995,67.67,0.919,98.51,2868.4,81.6,0
2959,79.12,1.279,94.77,2890.9,66.6,1
1944,74.24,1.017,94.74,2972.5,79.26,1
3622,78.41,1.29,87.25,2800.0,63.07,1
2039,72.39,0.975,94.05,2868.6,81.5,0
3491,72.3,1.185,91.36,2871.6,65.92,1
1119,71.81,0.543,98.02,2855.0,87.86,0
1605,63.53,0.784,100.4,2941.3,84.69,0
2366,68.3,0.876,92.12,2802.9,75.73,0
236,61.49,0.563,95.39,3049.3,99.78,0
1970,75.42,1.017,89.66,2888.9,80.77,1
334,67.24,0.764,93.97,2978.8,100.0,0
1909,69.52,0.888,94.86,2868.3,80.35,0
376,65.75,0.408,98.17,2902.1,98.69,0
3531,69.21,1.212,89.5,2886.7,64.87,1
1161,62.21,0.741,94.91,2933.4,87.0,0
2636,69.69,1.095,88.76,3028.6,78.84,1
1571,74.12,0.812,97.13,2880.9,86.91,0
2561,76.08,1.019,84.93,2839.6,74.86,1
1320,67.52,0.701,93.64,2889.1,88.33,0
3392,78.37,1.147,92.18,2821.6,63.92,1
2966,82.67,1.145,88.4,2930.5,68.25,1
3644,77.37,1.028,90.24,2868.3,65.79,1
1856,62.71,0.839,92.03,2832.0,81.45,0
1373,72.3,0.843,94.51,2991.6,85.96,0
873,65.27,0.839,99.11,2990.5,90.69,0
1253,71.03,0.711,92.41,2961.4,87.77,0
2318,71.37,1.082,95.28,2849.9,76.31,1
1852,65.07,1.039,94.58,2876.9,77.42,1
2846,76.24,1.031,95.23,2864.6,74.37,1
1315,66.63,0.707,96.68,2906.6,86.63,0
725,64.55,0.627,94.62,3029.4,96.41,0
3237,84.27,1.139,95.47,2808.4,64.11,1
2053,64.77,1.02,90.88,2800.0,75.94,1
2899,75.92,1.002,90.62,2790.0,70.46,1
3451,73.16,1.344,92.52,2765.6,67.45,1
78,47.44,0.436,94.13,2982.9,96.78,0
3482,77.17,1.07,93.87,2836.7,62.66,1
2622,73.27,1.077,88.68,2871.6,74.52,1
132,63.78,0.649,98.24,3016.4,98.05,0
601,61.92,0.638,99.06,2957.3,95.08,0
1773,61.42,0.898,94.56,2900.5,81.68,0
1066,61.22,0.909,99.17,3034.3,90.11,0
2137,77.27,1.052,88.79,2953.4,81.36,1
2450,68.07,0.993,94.83,2897.9,73.06,0
2344,79.64,0.926,95.39,2928.6,78.93,0
1864,74.57,0.982,97.5,2810.5,77.95,0
1319,65.01,0.847,91.27,2892.9,88.03,0
616,59.43,0.665,93.75,2947.6,96.68,0
3598,83.23,1.187,88.18,2779.6,62.97,1
2848,73.04,1.062,87.37,2780.3,72.81,1
2470,64.62,0.979,87.18,2897.5,74.33,0
1889,72.26,0.847,93.18,2974.8,82.28,0
1047,67.32,0.649,97.56,2947.0,85.01,0
575,68.56,0.642,106.67,3003.7,94.57,0
2191,72.7,0.874,95.07,2888.3,78.88,0
993,62.22,0.716,102.28,2928.3,92.76,0
2713,79.91,0.833,91.73,2910.3,74.72,0
2193,77.8,0.879,95.1,2818.9,77.75,0
1249,67.41,0.86,95.81,2844.4,88.05,0
3055,75.58,1.021,98.88,2775.1,66.56,1
503,55.9,0.66,96.43,3017.5,98.26,0
1998,66.95,0.818,92.36,2904.5,81.4,0
821,67.91,0.742,99.93,2977.8,88.07,0
2152,67.97,0.901,94.17,2976.2,78.97,0
3111,68.27,1.089,89.39,2786.3,69.53,1
1971,87.33,0.9,96.97,2961.7,78.74,1
198,53.67,0.405,99.28,2970.3,98.21,0
1670,79.63,0.931,94.85,2889.1,81.55,0
2627,71.6,1.156,92.81,2872.7,70.92,1
2439,71.77,0.952,87.48,2889.9,74.38,0
1203,62.65,0.793,91.61,2929.3,88.31,0
2602,76.92,1.098,95.45,2900.4,75.84,1
1472,60.16,0.785,93.55,2930.7,85.42,0
3572,68.66,1.104,88.89,2811.4,66.16,1
3087,83.49,1.277,95.58,2824.8,70.43,1
1647,64.22,0.79,94.8,2929.6,81.46,0
1693,72.2,0.778,94.29,2847.5,84.35,0
1313,61.14,0.926,98.75,2880.6,88.21,0
2036,73.72,0.968,92.1,2879.8,83.12,0
478,70.81,0.621,102.17,3003.3,96.04,0
1255,63.64,0.654,98.86,3044.4,84.98,0
923,54.95,0.765,102.72,2945.9,89.66,0
420,70.54,0.874,96.67,2890.3,92.09,0
2205,75.66,1.029,97.49,2850.2,78.97,1
2598,70.62,1.069,93.87,2903.0,77.33,1
3513,76.48,1.275,85.48,2775.8,60.09,1
1121,60.05,0.691,88.85,2878.7,92.18,0
3069,82.45,1.08,88.4,2879.2,70.3,1
3045,72.55,1.074,91.74,2871.0,67.4,1
3483,70.32,1.139,90.86,2752.2,65.68,1
951,65.82,0.655,96.97,2907.7,88.4,0
2337,67.38,0.932,92.84,2945.4,77.51,0
1278,61.24,0.731,95.79,2978.7,87.35,0
2244,69.07,0.922,96.36,2827.9,78.22,0
2646,73.66,1.054,87.75,2768.3,71.7,1
1858,62.38,0.879,95.23,2920.5,79.87,0
3594,84.9,1.236,86.75,2805.5,65.06,1
517,65.97,0.756,95.73,2983.2,93.82,0
1659,66.47,0.839,98.55,2948.8,83.71,0
1866,64.81,1.094,91.45,2858.9,82.25,1
2913,74.12,1.118,90.84,2832.7,70.43,1
1142,70.21,0.684,102.45,2897.9,90.89,0
2854,77.99,1.206,93.95,2814.1,71.09,1
1933,74.96,0.879,92.84,2931.6,80.24,0
3231,73.75,0.907,89.19,2845.7,66.43,1
815,49.45,0.663,93.87,2881.1,93.93,0
2276,77.62,0.93,97.07,2922.5,75.83,0
1901,68.67,1.041,97.33,2887.4,83.5,1
2264,74.65,0.863,95.27,2925.4,77.69,0
2996,83.33,1.066,93.4,2799.5,75.4,1
2063,82.49,1.039,91.49,2850.6,78.05,1
3229,72.9,1.185,85.67,2851.1,70.26,1
3333,77.33,1.149,91.68,2778.5,67.69,1
3229,82.98,1.07,92.98,2824.8,66.68,1
2095,66.25,0.954,98.54,2834.7,80.1,0
2372,68.95,0.971,92.28,2861.8,77.23,0
2892,71.52,1.002,90.28,2853.8,70.42,1
130,60.51,0.454,98.89,2994.3,99.56,0
3483,76.31,1.115,91.56,2807.6,67.5,1
95,57.51,0.42,98.87,3011.9,100.0,0
2675,68.55,1.128,91.82,2873.6,72.41,1
2803,78.07,1.141,94.08,2855.4,71.02,1
1956,76.47,0.985,92.25,2870.9,80.27,0
3364,84.23,1.173,94.08,2885.2,68.58,1
794,61.56,0.635,99.52,2979.6,90.55,0
1835,73.44,0.845,88.92,2856.4,82.43,0
3355,77.96,1.273,88.39,2864.7,63.33,1
2117,67.73,0.741,87.58,2937.9,80.02,0
1684,72.09,0.785,94.36,2911.7,84.66,0
11,56.97,0.413,98.47,2998.7,100.0,0
3326,74.75,1.301,92.53,2730.8,68.59,1
1866,62.45,0.825,91.76,2864.5,80.54,0
2920,72.28,0.92,92.4,2896.2,67.73,1
2598,74.26,1.042,93.91,2831.0,75.05,1
3206,83.87,1.104,91.15,2831.7,67.29,1
712,61.79,0.587,101.28,2921.5,93.55,0
2071,65.16,0.848,99.99,2908.0,77.85,0
815,71.56,0.593,97.89,2978.9,91.5,0
346,59.21,0.64,100.18,3003.7,93.14,0
2350,63.01,0.992,90.31,2825.5,74.41,0
363,62.48,0.553,95.85,2987.2,94.0,0
2444,70.6,0.879,95.77,2956.6,77.31,0
2266,82.83,0.936,95.91,2924.1,75.69,0
2189,73.32,0.964,90.34,2895.2,80.87,0
3006,74.3,1.131,87.06,2753.2,68.31,1
3282,71.79,1.172,88.21,2823.4,71.37,1
985,66.58,0.605,96.62,3033.1,86.25,0
3041,82.49,0.868,89.65,2913.9,70.44,0
1640,69.76,1.008,95.56,2941.1,83.68,1
828,59.9,0.535,100.27,2922.6,89.3,0
2731,76.35,0.85,93.19,2866.1,71.59,0
3532,77.42,1.219,91.01,2862.1,64.16,1
3052,77.5,0.94,83.49,2894.4,69.98,1
356,60.01,0.491,94.09,2997.8,94.57,0
3056,73.39,1.166,88.44,2890.0,70.29,1
1348,64.65,0.947,94.06,2929.7,86.76,0
3205,80.74,1.18,92.9,2834.6,69.51,1
2936,72.84,1.043,88.56,2830.3,68.92,1
1864,67.02,0.868,96.41,2928.0,80.54,0
127,55.92,0.345,97.26,3043.7,100.0,0
3178,78.16,1.091,86.86,2876.5,66.41,1
3057,76.84,1.066,87.37,2786.2,66.65,1
604,60.78,0.636,104.96,2911.6,92.7,0
3450,73.7,1.384,87.23,2882.7,61.95,1
1929,79.03,0.692,96.29,2912.4,84.06,0
1014,55.67,0.662,92.28,2960.1,89.29,0
51,62.72,0.327,104.1,3007.1,98.94,0
3101,81.96,1.07,91.74,2932.5,70.48,1
3534,60.74,1.12,90.22,2801.0,63.21,1
3368,80.81,1.024,91.14,2887.4,65.89,1
3369,75.74,1.265,91.46,2843.2,64.81,1
2827,75.42,1.091,93.95,2778.6,68.22,1
1431,65.54,0.866,93.91,2887.2,85.79,0
1793,74.34,0.805,92.65,2880.0,84.12,0
2862,76.13,1.065,91.56,2911.6,71.54,1
1637,68.84,0.987,97.14,2979.5,85.47,0
3477,72.89,1.195,89.37,2843.8,63.04,1
3418,86.5,1.264,92.07,2803.0,64.31,1
1646,68.28,0.767,96.92,2872.2,80.95,0
2468,83.79,1.065,91.95,2933.5,76.05,1
1206,75.67,0.686,91.14,2875.5,87.3,0
3031,66.26,0.917,89.4,2843.3,68.98,1
2873,71.09,1.074,96.61,2974.6,72.61,1
3073,70.18,1.068,91.8,2820.4,68.32,1
1855,69.03,0.709,92.52,2843.7,83.61,0
567,63.77,0.633,99.05,2883.4,94.8,0
2419,73.24,0.894,94.77,2999.3,75.08,0
936,69.95,0.996,95.27,2970.6,87.54,0
1935,77.14,0.741,97.9,2859.8,81.98,0
2709,78.38,0.921,93.36,2855.1,73.48,0
3503,74.71,1.288,86.19,2791.7,65.63,1
3017,71.17,1.09,93.52,2756.0,70.56,1
1333,66.68,0.852,94.77,2972.8,85.61,0
3209,78.18,1.18,89.84,2841.2,67.61,1
202,60.09,0.482,96.35,3025.1,97.06,0
3508,70.81,1.064,91.37,2824.9,67.42,1
2361,75.22,1.079,92.47,2888.5,75.84,1
117,58.62,0.395,101.67,2882.4,97.59,0
937,62.57,0.743,95.54,2998.5,93.27,0
575,62.6,0.707,96.28,2916.8,96.67,0
2292,70.26,0.946,90.88,2843.8,77.55,0
537,60.85,0.577,99.58,2946.8,94.37,0
1626,61.73,0.727,93.08,2815.8,82.98,0
2123,70.05,0.971,93.02,2864.7,78.68,0
386,65.44,0.273,97.29,2948.1,94.39,0
3282,77.73,1.228,91.47,2817.0,68.15,1
475,67.12,0.607,93.37,2891.2,98.56,0
418,58.45,0.561,99.49,3025.5,96.95,0
2395,65.58,1.003,98.01,2900.2,73.84,1
3601,76.78,1.083,92.91,2776.7,64.9,1
2688,70.37,0.796,90.09,2836.5,73.51,0
939,62.14,0.735,98.67,2995.0,91.5,0
955,65.83,0.823,98.04,2939.4,88.81,0
876,61.86,0.501,101.78,2894.2,91.25,0
763,57.56,0.547,90.18,2957.7,94.14,0
1203,63.22,0.816,99.73,2885.5,85.83,0
1206,67.73,0.777,95.58,2904.3,87.04,0
664,66.68,0.929,95.78,2964.3,92.78,0
25,63.43,0.613,97.61,3051.5,100.0,0
1991,72.08,0.982,90.13,3001.6,82.38,0
1204,65.18,0.664,94.55,3007.9,84.13,0
710,65.57,0.694,94.63,2960.9,94.9,0
3573,77.65,1.364,89.82,2934.2,66.63,1
1880,69.97,0.86,96.13,2933.9,83.43,0
1185,61.23,0.725,95.68,2891.8,87.09,0
2225,71.34,0.959,97.82,2893.5,77.29,0
285,63.32,0.491,97.5,2952.9,94.02,0
63,62.02,0.539,98.88,2934.5,95.18,0
1003,58.58,0.725,95.57,2891.1,89.25,0
662,63.79,0.78,99.81,2959.5,93.53,0
2714,66.35,1.024,93.96,2902.0,73.21,1
2204,71.89,1.008,94.87,2943.2,79.6,1
1493,63.96,0.783,95.15,2863.1,91.19,0
3121,84.13,1.188,86.62,2828.8,68.0,1
967,65.43,0.668,96.14,2976.0,88.22,0
849,68.25,0.727,101.89,2965.1,92.6,0
1108,76.09,0.794,99.72,2979.3,89.36,0
3433,73.08,1.08,90.58,2806.6,64.52,1
689,65.62,0.748,96.78,3029.2,94.93,0
148,54.81,0.513,99.52,2992.4,96.9,0
342,63.43,0.521,97.83,3020.8,96.32,0
2524,81.45,0.934,96.01,2854.8,74.62,0
1087,62.3,0.747,94.22,2948.6,87.23,0
1725,64.2,0.845,97.6,2833.9,79.33,0
1384,66.46,0.814,94.26,2889.0,86.6,0
2609,83.27,1.061,96.14,2859.2,76.65,1
327,65.49,0.626,100.3,2988.7,98.65,0
1793,64.44,1.136,92.37,3044.4,84.13,1
1760,76.08,0.856,93.79,2892.9,80.8,0
3213,67.79,1.069,92.5,2770.5,68.3,1
990,75.63,0.496,95.53,3035.6,87.25,0
2263,75.6,0.833,93.28,2940.8,77.71,0
2483,81.23,1.12,91.01,2818.0,77.95,1
952,56.52,0.762,102.42,2975.7,93.32,0
723,64.46,0.51,103.62,3005.6,96.83,0
3390,76.28,1.424,94.22,2838.7,68.08,1
2080,65.37,0.949,93.39,2912.3,80.15,0
2718,67.11,1.09,90.64,2832.5,74.57,1
2333,74.2,1.191,90.66,2908.5,78.03,1
3377,79.87,1.349,94.48,2806.6,64.62,1
429,68.64,0.664,101.51,2846.3,92.68,0
1501,64.99,0.883,98.43,2934.8,86.76,0
286,60.72,0.649,98.39,2901.9,100.0,0
3216,69.17,1.119,85.08,2889.9,69.69,1
3496,85.18,1.228,84.93,2768.7,61.26,1
3091,75.8,1.176,90.9,2722.8,68.05,1
2066,73.94,0.901,92.23,2808.2,78.95,0
769,67.63,0.557,95.78,2959.5,88.6,0
2638,80.49,1.001,93.12,2877.4,70.87,1
1395,62.82,0.68,98.86,2859.6,85.98,0
3247,79.72,1.156,88.16,2784.0,68.05,1
3058,75.16,0.934,86.91,2846.7,67.45,1
194,71.5,0.573,97.39,3038.9,95.21,0
2550,68.58,0.847,89.22,2812.0,76.89,0
988,70.8,0.657,98.81,2969.6,89.35,0
1137,67.44,0.778,96.58,2856.2,88.15,0
2162,72.3,1.012,99.16,2907.7,77.29,1
3294,76.74,1.226,92.32,2873.1,65.52,1
1702,75.24,0.872,100.34,2941.1,85.59,0
947,66.05,0.577,92.95,3002.4,88.77,0
831,56.53,0.764,87.75,3004.8,92.05,0
1921,75.7,0.775,94.97,2996.3,80.81,0
3336,81.86,1.277,90.36,2838.6,62.74,1
2973,77.8,1.157,90.71,2943.8,70.75,1
55,54.63,0.647,100.12,2950.0,96.36,0
800,59.13,0.662,94.23,2949.7,93.27,0
778,54.5,0.574,99.36,2955.3,89.85,0
1482,69.71,0.667,97.76,2873.8,86.22,0
1902,62.76,0.762,90.69,2786.9,80.12,0
2210,62.46,0.778,92.31,2933.0,76.55,0
3452,83.63,1.285,88.77,2780.9,65.9,1
2135,74.52,1.034,91.58,2873.2,75.71,1
55,58.61,0.566,96.35,3076.5,99.31,0
3548,77.07,1.206,89.39,2851.2,66.08,1
1824,57.08,1.071,95.31,2995.8,83.85,1
1202,70.59,0.731,94.56,2945.9,87.05,0
3463,73.85,1.215,86.34,2854.6,64.74,1
3421,78.76,1.179,90.97,2816.9,62.81,1
3080,62.96,1.082,88.46,2803.6,67.7,1
833,69.05,0.73,96.57,2985.9,88.55,0
313,57.8,0.499,97.75,2962.6,97.75,0
2807,67.15,0.991,95.32,2891.9,73.61,0
1859,67.6,0.94,92.26,2878.5,80.5,0
2008,67.06,0.852,99.15,2890.8,77.8,0
2007,75.41,0.915,96.24,2894.9,80.55,0
2491,70.35,0.964,97.99,2929.3,73.35,0
1791,75.77,0.857,96.62,2889.2,83.43,0
328,63.29,0.498,98.35,3042.9,100.0,0
3126,80.1,1.061,87.87,2798.5,66.97,1
2809,74.03,0.98,90.51,2873.0,70.43,0
3311,82.92,1.247,94.53,2800.1,63.97,1
3301,70.74,1.177,89.95,2890.7,67.28,1
2627,73.7,1.117,94.1,2827.7,73.89,1
3123,73.63,1.227,91.25,2808.0,68.23,1
3055,82.26,1.065,91.58,2784.4,69.48,1
1288,73.94,0.846,97.0,2940.8,85.03,0
3490,77.45,1.197,91.02,2855.1,61.77,1
2144,64.26,0.913,91.13,2917.0,77.04,0
1112,67.7,0.848,95.84,2937.2,85.05,0
3150,67.43,1.185,91.48,2809.5,66.73,1
1312,74.69,0.727,96.55,2920.5,87.5,0
3192,73.59,1.187,89.04,2828.4,68.2,1
2862,74.16,0.946,92.66,2869.5,67.83,1
2539,69.29,1.033,90.07,2882.2,76.71,1
452,57.75,0.44,94.97,3064.4,95.09,0
1524,71.31,0.706,96.31,2925.8,82.16,0
165,60.03,0.591,95.91,3009.8,97.62,0
182,61.12,0.269,100.29,2994.5,97.01,0
2517,67.57,1.184,86.58,2857.8,73.09,1
910,68.83,0.765,95.1,2972.2,92.53,0
2783,78.7,0.873,90.67,2839.8,69.96,1
823,63.07,0.904,92.71,2955.9,92.14,0
944,71.06,0.956,96.05,3010.8,87.88,0
2002,69.49,0.882,97.55,2875.6,79.91,0
2055,74.17,0.818,90.02,2916.6,79.98,0
330,53.54,0.735,97.97,2859.4,97.23,0
775,65.64,0.621,102.78,2952.0,92.41,0
2199,69.64,0.956,90.22,2865.4,77.53,0
3157,76.56,1.253,94.72,2848.2,66.3,1
147,61.29,0.514,98.72,2980.8,96.42,0
3453,77.89,1.166,89.95,2834.4,66.07,1
915,67.65,0.556,101.13,2935.3,88.33,0
1572,65.03,0.751,93.83,2940.7,81.3,0
1309,69.39,0.736,97.97,2848.8,89.77,0
2748,79.9,0.926,94.41,2868.2,72.0,0
82,53.36,0.402,97.8,2949.0,100.0,0
514,58.67,0.606,96.17,3032.7,96.61,0
1921,65.91,0.699,93.55,2856.3,80.89,0
2863,68.85,0.985,90.82,2906.6,70.62,0
2757,71.41,1.246,88.49,2861.6,71.71,1
1940,74.87,0.853,92.26,2811.6,83.82,0
3595,85.21,1.172,78.81,2776.4,62.93,1
746,64.26,0.614,96.76,3005.1,92.89,0
3071,73.73,1.081,93.47,2886.0,70.64,1
1410,71.06,0.839,90.77,2864.5,86.4,0
707,51.72,0.692,96.49,3042.8,95.1,0
471,57.08,0.555,105.91,2975.2,94.52,0
3191,64.35,1.117,90.36,2884.7,69.44,1
396,56.65,0.71,102.88,2919.6,92.45,0
1556,63.94,0.66,92.3,2899.4,87.13,0
2309,78.93,0.956,94.42,2905.3,79.16,0
805,50.22,0.675,94.04,2944.1,91.34,0
934,62.59,0.609,98.4,2807.3,91.54,0
1280,69.5,0.744,98.69,2926.5,88.98,0
1758,70.84,0.76,96.54,2813.9,80.34,0
905,71.83,0.745,96.25,2901.2,90.66,0
3298,77.3,1.026,90.93,2765.0,64.41,1
1077,67.26,0.822,97.62,3002.8,91.51,0
2988,65.75,1.09,93.03,2922.9,71.77,1
1891,64.51,0.833,93.96,2922.5,80.53,0
1524,58.71,0.704,98.22,2912.3,83.97,0
3578,80.75,1.319,93.57,2822.5,63.92,1
2902,76.25,1.015,90.34,2911.5,69.19,1
1388,68.51,0.661,95.98,2831.4,85.77,0
1304,62.11,0.866,93.37,2881.0,84.88,0
593,58.1,0.528,99.24,3020.6,95.87,0
2762,74.86,1.043,92.75,2922.5,74.65,1
3230,72.8,1.228,90.48,2868.0,69.59,1
2680,68.3,1.052,92.36,2813.8,70.81,1
2107,67.99,1.094,99.44,2944.1,78.51,1
128,57.34,0.442,90.96,3061.7,99.89,0
736,59.35,0.626,96.3,2999.1,94.18,0
2769,67.72,1.04,90.66,2736.8,68.63,1
3187,78.18,1.2,94.81,2846.9,69.61,1
3281,84.19,1.285,91.58,2865.2,64.7,1
2574,72.67,1.022,93.78,2845.5,73.95,1
521,63.72,0.59,102.22,2983.3,97.3,0
2600,75.68,0.872,91.66,2844.3,76.24,0
237,63.02,0.559,101.25,2945.1,100.0,0
1305,62.29,0.696,94.49,3010.3,84.82,0
3431,85.75,1.248,86.55,2839.2,64.05,1
3273,72.58,1.114,95.56,2781.1,66.14,1
1782,72.15,0.832,95.76,2842.1,81.89,0
1302,69.16,0.614,98.03,2891.9,87.41,0
3307,66.74,0.98,86.84,2791.9,69.48,1
2542,70.92,1.194,93.91,2880.2,72.72,1
2052,70.54,0.923,99.18,2921.7,78.22,0
2714,74.24,1.083,91.03,2888.5,75.71,1
442,63.72,0.497,94.91,2940.4,93.26,0
2077,74.17,1.003,94.32,2942.2,80.68,1
3181,75.87,1.206,87.35,2902.3,68.01,1
2658,75.06,0.951,87.35,2854.1,74.2,0
805,63.8,0.555,95.38,2908.1,90.33,0
75,55.29,0.442,98.3,3001.3,100.0,0
2886,74.59,1.074,88.38,2963.7,69.83,1
3218,79.84,1.16,94.33,2786.2,64.98,1
2176,76.42,0.939,99.14,2864.9,79.2,0
2090,73.14,1.048,95.58,2898.4,74.09,1
1380,73.57,0.705,97.01,2958.1,85.06,0
41,62.3,0.4,99.45,2898.7,100.0,0
2982,79.23,1.096,88.37,2916.2,71.7,1
2082,75.1,0.747,98.56,2960.5,81.63,0
3089,74.33,1.187,90.54,2824.3,72.67,1
1701,72.14,0.85,93.51,3050.3,85.93,0
3225,71.42,1.111,93.37,2900.1,68.13,1
3046,76.98,1.07,90.64,2906.4,71.79,1
1402,69.9,0.871,98.73,2989.3,86.33,0
588,68.2,0.705,97.01,3028.5,95.49,0
1623,72.22,0.8,98.18,2917.8,82.57,0
342,67.03,0.628,101.91,2976.9,97.5,0
2075,69.88,1.001,97.75,2849.1,78.3,1
3359,75.07,1.205,87.79,2803.2,66.06,1
646,61.86,0.609,97.81,2952.2,94.47,0
731,64.99,0.684,103.65,2966.7,96.87,0
168,51.8,0.43,98.76,3071.5,99.11,0
610,69.71,0.629,100.6,2864.4,93.88,0
2316,71.8,0.94,99.92,2951.4,75.18,0
1773,66.79,0.816,89.13,2860.8,84.06,0
2041,57.56,0.736,93.04,2892.7,78.92,0
2869,74.16,0.971,91.4,2820.3,72.06,0
455,61.28,0.542,93.24,3070.0,96.85,0
2954,70.28,1.18,89.77,2827.3,72.99,1
1709,65.18,0.87,91.96,2940.6,84.59,0
3473,77.23,1.289,92.15,2855.0,62.82,1
2970,71.91,1.218,85.89,2793.5,66.87,1
3029,78.0,1.139,96.58,2843.7,71.11,1
3548,74.0,1.224,91.43,2882.8,64.69,1
702,64.28,0.543,94.73,2921.2,93.76,0
2682,79.31,1.235,95.03,2907.3,76.62,1
3630,77.97,1.084,90.9,2801.9,62.47,1
1600,69.78,0.832,95.08,2978.2,86.58,0
130,62.11,0.609,97.45,3080.9,97.49,0
3068,75.38,1.198,92.44,2746.2,72.45,1
1846,68.89,0.754,94.83,2840.8,83.04,0
1387,64.08,0.735,93.77,2908.7,83.12,0
2867,75.09,0.994,87.37,2929.9,70.5,0
693,62.05,0.441,95.37,2992.0,96.9,0
3364,84.55,1.186,88.4,2769.6,69.94,1
1395,71.03,0.707,99.3,2964.2,87.26,0
794,56.71,0.809,100.2,2914.6,92.77,0
29,53.16,0.567,98.56,3042.1,100.0,0
149,60.09,0.534,98.32,3019.5,99.38,0
1320,64.62,0.717,99.01,2888.1,86.52,0
2059,69.38,0.923,94.63,2893.8,81.83,0
3584,81.18,1.191,90.01,2882.0,65.32,1
2724,75.2,1.052,89.72,2769.2,70.83,1
1137,67.21,0.918,96.22,2958.2,89.94,0
187,68.17,0.431,99.45,2935.3,98.46,0
2855,67.33,1.054,91.16,2856.4,70.83,1
2792,74.48,1.129,93.83,2883.3,75.88,1
1251,63.36,0.71,98.54,3038.1,87.7,0
1334,73.85,0.925,93.24,2932.0,82.75,0
98,49.44,0.587,98.21,3068.4,98.54,0
55,49.45,0.439,97.77,2955.2,100.0,0
2671,74.88,1.055,96.15,2841.7,71.44,1
2712,79.19,0.972,98.62,2893.8,74.8,0
758,67.66,0.572,96.34,2972.2,90.42,0
406,58.03,0.567,98.28,2963.3,98.61,0
2117,78.12,1.05,96.18,2876.4,77.68,1
3384,70.76,1.251,87.73,2897.5,65.46,1
1313,73.1,0.76,98.66,2919.9,86.02,0
1786,63.43,0.935,94.58,2859.7,83.33,0
3620,76.34,1.251,83.91,2776.3,67.49,1
751,66.95,0.533,93.85,2995.9,92.52,0
3220,68.77,1.129,89.33,2951.8,67.78,1
3539,85.04,1.2,93.05,2796.9,63.46,1
1763,67.03,0.929,92.03,3019.3,79.12,0
3316,77.27,1.107,88.45,2833.7,65.89,1
3563,83.63,1.121,89.94,2807.9,61.85,1
3006,71.06,1.097,85.98,2804.2,66.17,1
3579,83.2,1.151,90.16,2811.1,64.06,1
365,70.03,0.541,94.27,2943.9,95.26,0
2027,66.86,0.897,95.62,2856.8,82.48,0
482,69.26,0.558,96.13,2893.3,93.47,0
2249,62.44,1.046,90.43,2975.9,78.85,1
154,62.72,0.672,100.36,3045.5,99.76,0
3522,71.47,1.291,91.82,2837.5,67.45,1
1525,72.34,0.628,96.55,2916.5,84.38,0
2121,74.91,0.86,94.26,2893.7,81.43,0
2761,84.19,1.034,92.38,2823.1,73.51,1
2344,78.83,0.784,94.11,2826.1,78.84,0
1041,64.38,0.621,98.22,2983.8,94.38,0
1665,62.92,0.814,93.82,2903.6,83.1,0
1241,69.03,0.703,98.24,2954.2,87.93,0
61,60.0,0.513,97.42,2913.8,98.67,0
939,72.45,0.55,100.46,2937.3,93.69,0
1640,57.37,0.782,97.43,2860.3,88.81,0
2090,81.39,0.933,100.27,2919.7,80.57,0
25,62.78,0.506,101.47,3048.5,96.53,0
1063,61.25,0.757,99.54,3019.8,87.6,0
131,64.32,0.565,94.93,2962.0,100.0,0
3570,84.34,1.173,92.12,2765.1,62.01,1
1253,66.84,0.763,99.77,2916.4,86.27,0
108,51.72,0.442,104.19,2959.6,97.65,0
172,59.39,0.507,99.85,3013.0,98.13,0
1459,72.49,0.686,94.6,2856.9,85.92,0
3550,80.23,1.317,86.08,2734.8,60.72,1
102,59.73,0.493,96.7,2977.6,95.93,0
2914,81.11,1.189,91.18,2890.6,67.85,1
2572,76.56,1.046,87.03,2820.0,71.51,1
2323,75.7,0.876,90.73,2926.3,76.8,0
1637,66.13,0.853,95.36,2936.4,84.02,0
3116,73.04,1.204,90.85,2921.5,70.87,1
2865,65.83,1.065,88.5,2816.6,72.46,1
3005,73.73,1.108,87.28,2769.4,68.79,1
1041,69.88,0.653,93.62,2977.9,90.05,0
330,60.63,0.568,98.35,2997.5,98.81,0
3641,80.43,1.252,95.47,2828.1,63.14,1
1521,73.16,0.746,98.62,2871.6,84.17,0
12,61.92,0.394,100.61,3038.2,97.99,0
1342,69.06,0.897,97.64,2901.2,84.97,0
216,54.29,0.604,102.4,2999.3,99.21,0
339,60.08,0.513,101.01,2960.1,96.6,0
1800,77.63,0.882,93.68,2927.7,85.92,0
2709,74.06,0.894,89.34,2804.8,71.56,0
3153,85.25,0.933,90.17,2867.3,69.99,1
1751,65.14,0.959,97.76,2945.3,83.26,0
1509,68.71,0.825,94.66,2930.3,84.73,0
2422,70.2,0.98,89.42,2961.1,74.91,0
3024,78.08,1.128,85.76,2859.2,70.96,1
710,68.03,0.965,97.51,3010.4,93.99,0
1224,69.13,0.832,93.25,2943.4,88.16,0
3609,83.25,1.117,87.86,2861.0,64.76,1
2514,72.5,0.835,96.83,2797.6,74.93,0
1113,64.61,0.828,96.5,2946.0,85.59,0
1292,57.67,0.844,93.87,2879.1,87.25,0
3643,81.41,1.286,90.0,2824.9,63.03,1
489,63.31,0.517,104.3,2994.8,99.0,0
1562,67.47,0.849,94.95,2962.3,85.65,0
47,59.28,0.437,92.79,3022.1,99.93,0
3360,76.62,1.238,91.87,2815.2,67.33,1
778,62.71,0.754,98.71,2923.4,90.17,0
1040,62.56,0.654,97.15,2830.9,88.38,0
711,64.75,0.755,97.21,2967.9,92.22,0
401,64.43,0.592,96.38,3036.8,96.77,0
1818,65.24,0.913,99.09,2914.5,80.95,0
3029,73.14,0.975,85.4,2844.3,68.71,1
3158,74.77,1.155,89.6,2849.3,66.28,1
250,61.27,0.482,98.25,2968.1,97.55,0
391,61.31,0.626,101.39,2990.2,96.42,0
335,64.97,0.714,102.7,2963.0,97.51,0
629,54.88,0.655,97.43,2923.6,92.32,0
3591,70.58,1.128,89.81,2816.7,64.83,1
137,61.65,0.59,100.42,2988.3,96.55,0
2931,71.64,1.126,94.37,2947.2,70.25,1
2736,78.1,1.253,94.89,2822.9,73.24,1
1522,73.46,0.83,93.82,2915.9,84.26,0
827,65.3,0.607,98.83,2945.8,88.61,0
727,58.28,0.722,98.97,2941.3,89.84,0
1501,72.78,0.787,95.15,2950.6,85.43,0
2642,74.2,1.036,93.2,2979.8,74.74,1
3295,69.04,1.066,90.18,2819.2,67.73,1
990,57.96,0.686,97.5,2976.3,91.31,0
2420,79.68,0.987,88.67,2783.4,75.24,0
935,71.43,0.674,94.44,2933.6,92.13,0
3043,62.63,1.05,93.32,2925.6,70.24,1
402,55.22,0.609,95.16,2977.2,94.7,0
1467,73.04,0.701,97.01,2951.8,86.36,0
3562,77.72,1.097,89.07,2790.8,64.97,1
615,66.58,0.694,101.25,2982.1,97.19,0
1297,66.18,0.821,98.06,3016.8,89.79,0
3598,81.26,1.089,87.85,2762.1,63.84,1
1183,65.94,0.554,95.78,3050.2,87.33,0
3224,73.93,1.044,84.37,2761.5,70.88,1
3043,80.51,1.096,90.48,2823.6,70.67,1
2668,74.35,1.149,88.19,2824.8,72.97,1
2236,74.44,0.932,92.64,2874.6,73.66,0
1122,66.4,0.647,94.72,2901.5,87.27,0
131,58.22,0.541,96.98,2947.2,97.04,0
2853,82.31,1.059,95.0,2798.0,71.18,1
1195,67.75,0.601,92.59,2972.5,89.29,0
2984,73.14,0.959,88.16,2838.9,71.7,0
3034,81.56,0.972,88.8,2823.3,72.66,0
183,54.31,0.785,98.01,3005.0,100.0,0
3031,86.34,1.192,88.28,2773.7,67.09,1
364,60.92,0.513,97.83,2997.1,98.42,0
39,53.85,0.619,100.79,2993.4,100.0,0
3599,87.52,1.163,91.21,2816.9,67.38,1
2545,70.41,1.117,94.23,2898.7,72.12,1
3588,79.16,1.226,83.51,2902.8,63.74,1
1373,70.45,0.709,97.02,2947.5,88.19,0
3030,81.07,1.174,92.24,2838.5,67.38,1
921,66.1,0.698,95.25,2894.8,87.34,0
3469,74.11,1.234,94.6,2707.0,65.94,1
2770,74.94,1.076,94.95,2867.9,70.95,1
3233,74.07,1.167,89.75,2775.4,64.41,1
16,61.33,0.583,98.16,2872.2,100.0,0
493,70.61,0.857,103.48,2957.8,95.4,0
1450,71.03,0.915,95.59,2939.5,84.46,0
1132,66.69,0.748,96.86,2980.6,86.75,0
2942,78.4,1.057,91.39,2906.0,70.93,1
3522,81.66,1.184,96.34,2867.7,65.81,1
311,56.17,0.437,98.42,3029.6,97.54,0
739,63.9,0.714,97.71,2889.6,89.57,0
3242,89.02,1.047,87.78,2830.4,68.53,1
546,68.79,0.572,97.19,3001.7,95.93,0
2462,69.79,1.059,89.52,2879.2,74.69,1
251,58.24,0.526,96.81,2979.7,99.57,0
759,60.61,0.603,92.29,2963.5,90.71,0
1805,73.36,0.741,97.23,2922.0,84.53,0
3213,84.1,1.263,90.83,2835.5,68.13,1
1298,69.4,0.676,96.82,2892.8,86.03,0
3488,78.23,1.139,89.38,2740.5,64.48,1
1632,65.94,0.647,95.32,2908.2,85.68,0
1915,71.22,0.881,99.11,2907.1,81.32,0
3111,71.45,1.089,88.36,2846.8,70.18,1
814,54.39,0.681,98.39,3006.9,94.01,0
29,68.33,0.388,100.73,3055.1,98.66,0
958,59.76,0.765,100.55,2946.9,90.67,0
2033,68.54,0.723,95.22,2893.5,79.22,0
477,65.67,0.586,100.04,3004.8,97.26,0
318,68.76,0.575,95.27,3005.4,96.06,0
245,62.51,0.555,96.84,2965.6,97.65,0
748,57.77,0.665,94.26,2995.6,97.11,0
697,61.98,0.718,90.48,2957.8,95.6,0
272,57.97,0.687,100.38,2980.1,95.21,0
3512,77.37,1.187,88.68,2846.1,66.68,1
1772,75.02,0.758,95.88,2896.3,83.66,0
1263,53.63,0.809,96.32,2941.6,85.17,0
2425,70.07,0.957,93.45,2893.6,75.53,0
266,58.91,0.68,103.22,3027.6,95.44,0
2974,68.59,1.035,91.1,2888.7,65.47,1
921,67.53,0.598,99.24,2967.3,90.5,0
3431,70.08,1.201,88.8,2698.0,64.68,1
340,55.2,0.394,101.45,2995.2,94.4,0
389,66.2,0.531,95.11,3000.4,96.09,0
2625,80.63,0.992,86.61,2898.8,69.51,1
2051,69.87,0.932,100.17,2849.6,79.57,0
3501,71.42,1.101,95.01,2718.8,65.02,1
1166,62.3,0.645,90.67,2982.0,89.7,0
376,66.92,0.691,98.76,2920.0,93.03,0
2034,70.75,0.905,94.35,2959.4,83.94,0
2372,71.35,1.061,95.05,2852.5,79.79,1
146,62.3,0.475,104.78,2941.3,96.99,0
1982,69.72,0.891,90.87,2918.4,83.1,0
293,69.19,0.58,96.1,3016.2,98.78,0
432,58.41,0.761,98.7,3006.2,94.8,0
705,59.21,0.619,94.99,2989.8,91.74,0
2997,68.07,1.083,82.87,2814.8,68.97,1
1999,67.3,1.01,93.32,2823.7,85.66,1
2633,67.71,0.989,94.67,2848.9,76.39,0
399,63.09,0.608,98.74,2922.8,95.6,0
2865,74.43,1.174,93.28,2878.4,71.12,1
3416,71.68,1.126,91.2,2872.9,67.53,1
964,67.77,0.727,94.03,2960.4,91.97,0
3212,83.64,1.317,90.57,2839.4,65.97,1
2235,72.96,1.039,88.72,2872.7,78.25,1
2042,57.49,0.937,92.34,2946.9,78.47,0
1829,79.08,0.843,94.66,2817.0,82.01,0
2109,74.28,0.861,93.67,2834.2,78.81,0
939,74.48,0.589,93.31,3044.4,92.65,0
3452,82.71,1.341,86.38,2764.7,64.94,1
710,70.0,0.774,98.74,2991.1,93.14,0
807,65.06,0.596,100.06,2996.5,88.17,0
1464,66.01,0.827,94.99,2830.5,86.01,0
3391,78.82,1.189,89.06,2743.7,64.53,1
1326,63.09,0.884,98.82,2996.9,83.71,0
3416,79.25,1.221,87.44,2780.6,68.1,1
11,46.92,0.5,105.15,2952.2,99.81,0
1086,65.64,0.663,92.71,2919.7,84.99,0
1869,76.07,0.908,97.54,2858.0,79.74,0
2274,71.84,0.92,94.8,2912.6,77.27,0
3225,84.76,1.167,97.56,2779.6,67.82,1
2612,71.74,1.015,88.8,2771.1,72.88,1
772,68.87,0.617,90.68,3019.2,85.55,0
1595,63.58,0.722,98.96,2863.6,82.95,0
1608,72.85,0.873,90.76,2882.0,86.06,0
3647,79.4,1.234,90.91,2859.1,66.33,1
1334,65.57,0.946,99.54,2936.8,85.45,0
885,51.56,0.574,98.48,3011.4,94.92,0
3315,75.3,1.226,90.75,2876.5,63.62,1
3565,78.89,1.205,90.51,2799.1,62.73,1
1390,71.09,0.988,98.34,2981.6,87.88,0
3402,84.81,1.235,91.56,2838.3,67.45,1
3179,86.07,1.168,86.81,2811.1,68.19,1
226,67.36,0.537,104.8,3003.2,95.5,0
825,61.31,0.595,97.68,2893.3,89.51,0
2266,69.81,0.984,94.76,2928.4,75.89,0
937,68.38,0.549,99.32,2988.4,88.47,0
2801,76.6,0.927,95.06,2866.0,72.25,0
2554,80.91,1.112,95.49,2776.4,74.28,1
2307,83.93,0.785,93.47,2942.4,74.61,0
1912,80.9,0.85,94.47,2926.3,80.17,0
3589,85.41,1.113,90.46,2819.4,58.81,1
1797,71.62,0.819,97.91,2901.1,82.71,0
54,67.02,0.529,96.5,2970.5,100.0,0
3119,83.9,1.222,92.58,2826.8,66.99,1
727,62.9,0.767,95.16,3002.1,91.16,0
2737,71.02,0.956,97.34,2837.3,73.15,0
1545,63.89,0.762,96.47,2909.0,84.76,0
3171,71.47,1.539,89.24,2835.1,69.84,1
1044,58.31,0.684,98.15,2942.8,88.01,0
1914,70.82,0.795,94.29,2873.4,79.54,0
1777,63.89,0.784,94.19,2902.6,81.79,0
1597,64.07,0.795,89.78,2937.3,81.9,0
1915,73.08,0.844,91.18,2859.0,80.37,0
3562,78.72,1.189,88.89,2813.6,62.28,1
2467,74.48,0.991,87.53,2973.2,76.17,0
2738,80.52,1.045,90.02,2859.9,70.75,1
850,68.57,0.574,95.95,2911.0,92.01,0
2110,78.14,0.959,91.33,2842.1,81.81,0
